

INSERT INTO "KORREKSJON"."FIL" (ID,CONTENT_LENGTH,FILE_NAME,FILE_TYPE,ENCODING,STATUS_CODE,STATUS_HISTORY) VALUES (281,2832,'K1012722','nibe.finpay.edifact.txt','ISO-8859-1','KLAR',181181);
INSERT INTO "KORREKSJON"."FIL" (ID,CONTENT_LENGTH,FILE_NAME,FILE_TYPE,ENCODING,STATUS_CODE,STATUS_HISTORY) VALUES (301,8070,'K1512782','nibe.finpay.edifact.txt','ISO-8859-1','KLAR',201201);
INSERT INTO "KORREKSJON"."FIL" (ID,CONTENT_LENGTH,FILE_NAME,FILE_TYPE,ENCODING,STATUS_CODE,STATUS_HISTORY) VALUES (321,1042,'K1612802','nibe.finpay.edifact.txt','ISO-8859-1','KLAR',201202);
INSERT INTO "KORREKSJON"."FIL" (ID,CONTENT_LENGTH,FILE_NAME,FILE_TYPE,ENCODING,STATUS_CODE,STATUS_HISTORY) VALUES (341,2972,'K2012842','nibe.finpay.edifact.txt','ISO-8859-1','KLAR',221221);
INSERT INTO "KORREKSJON"."FIL" (ID,CONTENT_LENGTH,FILE_NAME,FILE_TYPE,ENCODING,STATUS_CODE,STATUS_HISTORY) VALUES (361,660,'K2112862','nibe.finpay.edifact.txt','ISO-8859-1','KLAR',241241);
INSERT INTO "KORREKSJON"."FIL" (ID,CONTENT_LENGTH,FILE_NAME,FILE_TYPE,ENCODING,STATUS_CODE,STATUS_HISTORY) VALUES (381,4696,'K2312902','nibe.finpay.edifact.txt','ISO-8859-1','KLAR',261261);
INSERT INTO "KORREKSJON"."FIL" (ID,CONTENT_LENGTH,FILE_NAME,FILE_TYPE,ENCODING,STATUS_CODE,STATUS_HISTORY) VALUES (401,6080,'K0701102','nibe.finpay.edifact.txt','ISO-8859-1','KLAR',281281);
INSERT INTO "KORREKSJON"."FIL" (ID,CONTENT_LENGTH,FILE_NAME,FILE_TYPE,ENCODING,STATUS_CODE,STATUS_HISTORY) VALUES (421,3550,'K1001122','nibe.finpay.edifact.txt','ISO-8859-1','KLAR',281282);
INSERT INTO "KORREKSJON"."FIL" (ID,CONTENT_LENGTH,FILE_NAME,FILE_TYPE,ENCODING,STATUS_CODE,STATUS_HISTORY) VALUES (441,1752,'K1201162','nibe.finpay.edifact.txt','ISO-8859-1','KLAR',281283);


INSERT INTO "KORREKSJON"."FILCONTENT" (FIL_ID,CONTENT

INSERT INTO "KORREKSJON"."KORREKSJON" (ID,KORREKSJON_TYPE,BESTILLINGSNUMMER,BESTILLINGSDATO,CREATED_AT,CREATED_BY_USER,STATUS,DEBET_ACCOUNT,CREDIT_ACCOUNT,AMOUNT,OPPRINNELIG_DATO,CAUSE,FRITEKST,GEBYR_BANKREGNUMMER,ARKIVREF,BLANKETTNUMMER,SOURCE,BEST_STATUS_PATH,BUNTNUMMER,KID,TRANSTEKST,NIBE_BUS_KODE,NIBE_ALC_KODE,BELOP_KREDIT_SUMPOST,ORIGINAL_ID,FORRIGE_ID,NESTE_ID) VALUES (1581,'Korreksjon','000430',{ts '2010-12-22 00:00:00.0'},{ts '2010-12-22 12:18:24.996'},'jrn','Klar til verifisering','70010511168','10501312121',100.01,{ts '2010-12-16 00:00:00.0'},'Overføring','Korreksjon',null,'*99000430','6100000001','KORREKSJON_WEB',null,null,null,null,null,null,null,1581,null,1602);
INSERT INTO "KORREKSJON"."KORREKSJON" (ID,KORREKSJON_TYPE,BESTILLINGSNUMMER,BESTILLINGSDATO,CREATED_AT,CREATED_BY_USER,STATUS,DEBET_ACCOUNT,CREDIT_ACCOUNT,AMOUNT,OPPRINNELIG_DATO,CAUSE,FRITEKST,GEBYR_BANKREGNUMMER,ARKIVREF,BLANKETTNUMMER,SOURCE,BEST_STATUS_PATH,BUNTNUMMER,KID,TRANSTEKST,NIBE_BUS_KODE,NIBE_ALC_KODE,BELOP_KREDIT_SUMPOST,ORIGINAL_ID,FORRIGE_ID,NESTE_ID) VALUES (1582,'Korreksjon','000431',{ts '2010-12-22 00:00:00.0'},{ts '2010-12-22 12:20:02.873'},'jrn','Klar til verifisering','70010511168','45341088880',100.02,{ts '2010-12-17 00:00:00.0'},'Overføring','Korreksjon To like debetoverføringer ! + æå',null,'*99000431','6100000002','KORREKSJON_WEB',null,null,null,null,null,null,null,1582,null,1604);
INSERT INTO "KORREKSJON"."KORREKSJON" (ID,KORREKSJON_TYPE,BESTILLINGSNUMMER,BESTILLINGSDATO,CREATED_AT,CREATED_BY_USER,STATUS,DEBET_ACCOUNT,CREDIT_ACCOUNT,AMOUNT,OPPRINNELIG_DATO,CAUSE,FRITEKST,GEBYR_BANKREGNUMMER,ARKIVREF,BLANKETTNUMMER,SOURCE,BEST_STATUS_PATH,BUNTNUMMER,KID,TRANSTEKST,NIBE_BUS_KODE,NIBE_ALC_KODE,BELOP_KREDIT_SUMPOST,ORIGINAL_ID,FORRIGE_ID,NESTE_ID) VALUES (1583,'Korreksjon','000432',{ts '2010-12-22 00:00:00.0'},{ts '2010-12-22 12:21:30.273'},'jrn','Klar til verifisering','70010511117','32270598691',100.1,{ts '2010-12-20 00:00:00.0'},'Overføring','Korreksjon Tre til samme debetbank, arkref 001, 002 og 003 + ÆØÅ TEST',null,'*99000432','6100000003','KORREKSJON_WEB',null,null,null,null,null,null,null,1583,null,1601);
INSERT INTO "KORREKSJON"."KORREKSJON" (ID,KORREKSJON_TYPE,BESTILLINGSNUMMER,BESTILLINGSDATO,CREATED_AT,CREATED_BY_USER,STATUS,DEBET_ACCOUNT,CREDIT_ACCOUNT,AMOUNT,OPPRINNELIG_DATO,CAUSE,FRITEKST,GEBYR_BANKREGNUMMER,ARKIVREF,BLANKETTNUMMER,SOURCE,BEST_STATUS_PATH,BUNTNUMMER,KID,TRANSTEKST,NIBE_BUS_KODE,NIBE_ALC_KODE,BELOP_KREDIT_SUMPOST,ORIGINAL_ID,FORRIGE_ID,NESTE_ID) VALUES (1584,'Korreksjon','000433',{ts '2010-12-22 00:00:00.0'},{ts '2010-12-22 12:22:31.470'},'jrn','Klar til verifisering','61050511129','82000109637',200,{ts '2010-12-21 00:00:00.0'},'Overføring','KorreksjonTo like kreditoverføringer, arkref 004 og arkref 005!',null,'*99000433','6100000004','KORREKSJON_WEB',null,null,null,null,null,null,null,1584,null,1607);
INSERT INTO "KORREKSJON"."KORREKSJON" (ID,KORREKSJON_TYPE,BESTILLINGSNUMMER,BESTILLINGSDATO,CREATED_AT,CREATED_BY_USER,STATUS,DEBET_ACCOUNT,CREDIT_ACCOUNT,AMOUNT,OPPRINNELIG_DATO,CAUSE,FRITEKST,GEBYR_BANKREGNUMMER,ARKIVREF,BLANKETTNUMMER,SOURCE,BEST_STATUS_PATH,BUNTNUMMER,KID,TRANSTEKST,NIBE_BUS_KODE,NIBE_ALC_KODE,BELOP_KREDIT_SUMPOST,ORIGINAL_ID,FORRIGE_ID,NESTE_ID) VALUES (1585,'Korreksjon','000434',{ts '2010-12-22 00:00:00.0'},{ts '2010-12-22 12:23:24.244'},'jrn','Klar til verifisering','61051655558','82000109637',10000000000,{ts '2010-12-22 00:00:00.0'},'Overføring','KorreksjonTo like kreditoverføringer, ! + maxbeløp',null,'*99000434','6100000005','KORREKSJON_WEB',null,null,null,null,null,null,null,1585,null,1608);
INSERT INTO "KORREKSJON"."KORREKSJON" (ID,KORREKSJON_TYPE,BESTILLINGSNUMMER,BESTILLINGSDATO,CREATED_AT,CREATED_BY_USER,STATUS,DEBET_ACCOUNT,CREDIT_ACCOUNT,AMOUNT,OPPRINNELIG_DATO,CAUSE,FRITEKST,GEBYR_BANKREGNUMMER,ARKIVREF,BLANKETTNUMMER,SOURCE,BEST_STATUS_PATH,BUNTNUMMER,KID,TRANSTEKST,NIBE_BUS_KODE,NIBE_ALC_KODE,BELOP_KREDIT_SUMPOST,ORIGINAL_ID,FORRIGE_ID,NESTE_ID) VALUES (1586,'Korreksjon','000435',{ts '2010-12-22 00:00:00.0'},{ts '2010-12-22 12:24:49.890'},'jrn','Klar til verifisering','61050747599','82000822228',999999.99,{ts '2010-12-16 00:00:00.0'},'Overføring','KorreksjonTre til samme kreditbank, arkref 004, 005 og 006',null,'*99000435','6100000006','KORREKSJON_WEB',null,null,null,null,null,null,null,1586,null,1603);
INSERT INTO "KORREKSJON"."KORREKSJON" (ID,KORREKSJON_TYPE,BESTILLINGSNUMMER,BESTILLINGSDATO,CREATED_AT,CREATED_BY_USER,STATUS,DEBET_ACCOUNT,CREDIT_ACCOUNT,AMOUNT,OPPRINNELIG_DATO,CAUSE,FRITEKST,GEBYR_BANKREGNUMMER,ARKIVREF,BLANKETTNUMMER,SOURCE,BEST_STATUS_PATH,BUNTNUMMER,KID,TRANSTEKST,NIBE_BUS_KODE,NIBE_ALC_KODE,BELOP_KREDIT_SUMPOST,ORIGINAL_ID,FORRIGE_ID,NESTE_ID) VALUES (1587,'Korreksjon','000436',{ts '2010-12-22 00:00:00.0'},{ts '2010-12-22 12:26:03.282'},'jrn','Klar til verifisering','05403026680','47140569328',1000000,{ts '2010-12-17 00:00:00.0'},'Overføring','KorreksjonSytti-karakterer(  ,Sytti-   ,Sytti-karakterer)  ,?!: !? + &',null,'*99000436','6100000007','KORREKSJON_WEB',null,null,null,null,null,null,null,1587,null,1605);
INSERT INTO "KORREKSJON"."KORREKSJON" (ID,KORREKSJON_TYPE,BESTILLINGSNUMMER,BESTILLINGSDATO,CREATED_AT,CREATED_BY_USER,STATUS,DEBET_ACCOUNT,CREDIT_ACCOUNT,AMOUNT,OPPRINNELIG_DATO,CAUSE,FRITEKST,GEBYR_BANKREGNUMMER,ARKIVREF,BLANKETTNUMMER,SOURCE,BEST_STATUS_PATH,BUNTNUMMER,KID,TRANSTEKST,NIBE_BUS_KODE,NIBE_ALC_KODE,BELOP_KREDIT_SUMPOST,ORIGINAL_ID,FORRIGE_ID,NESTE_ID) VALUES (1588,'Korreksjon','000437',{ts '2010-12-22 00:00:00.0'},{ts '2010-12-22 12:27:39.160'},'jrn','Klar til verifisering','47143333333','05403026680',1000,{ts '2010-12-20 00:00:00.0'},'Overføring','KorreksjonTest for søk av kontonummer og regnr',null,'*99000437','6100000008','KORREKSJON_WEB',null,null,null,null,null,null,null,1588,null,1606);
INSERT INTO "KORREKSJON"."KORREKSJON" (ID,KORREKSJON_TYPE,BESTILLINGSNUMMER,BESTILLINGSDATO,CREATED_AT,CREATED_BY_USER,STATUS,DEBET_ACCOUNT,CREDIT_ACCOUNT,AMOUNT,OPPRINNELIG_DATO,CAUSE,FRITEKST,GEBYR_BANKREGNUMMER,ARKIVREF,BLANKETTNUMMER,SOURCE,BEST_STATUS_PATH,BUNTNUMMER,KID,TRANSTEKST,NIBE_BUS_KODE,NIBE_ALC_KODE,BELOP_KREDIT_SUMPOST,ORIGINAL_ID,FORRIGE_ID,NESTE_ID) VALUES (1601,'Korreksjon','000432',{ts '2010-12-22 00:00:00.0'},{ts '2010-12-22 12:35:17.141'},'abl','Korrigert','70010511117','32270598691',100.1,{ts '2010-12-20 00:00:00.0'},'Overføring','Korreksjon Tre til samme debetbank, arkref 001, 002 og 003 + ÆØÅ TEST',null,'*99000432','6100000003','KORREKSJON_WEB',null,null,null,null,null,null,null,1583,1583,1626);
INSERT INTO "KORREKSJON"."KORREKSJON" (ID,KORREKSJON_TYPE,BESTILLINGSNUMMER,BESTILLINGSDATO,CREATED_AT,CREATED_BY_USER,STATUS,DEBET_ACCOUNT,CREDIT_ACCOUNT,AMOUNT,OPPRINNELIG_DATO,CAUSE,FRITEKST,GEBYR_BANKREGNUMMER,ARKIVREF,BLANKETTNUMMER,SOURCE,BEST_STATUS_PATH,BUNTNUMMER,KID,TRANSTEKST,NIBE_BUS_KODE,NIBE_ALC_KODE,BELOP_KREDIT_SUMPOST,ORIGINAL_ID,FORRIGE_ID,NESTE_ID) VALUES (1602,'Korreksjon','000430',{ts '2010-12-22 00:00:00.0'},{ts '2010-12-22 12:35:32.668'},'abl','Korrigert','70010511168','10501312121',100.01,{ts '2010-12-16 00:00:00.0'},'Overføring','Korreksjon',null,'*99000430','6100000001','KORREKSJON_WEB',null,null,null,null,null,null,null,1581,1581,1621);
INSERT INTO "KORREKSJON"."KORREKSJON" (ID,KORREKSJON_TYPE,BESTILLINGSNUMMER,BESTILLINGSDATO,CREATED_AT,CREATED_BY_USER,STATUS,DEBET_ACCOUNT,CREDIT_ACCOUNT,AMOUNT,OPPRINNELIG_DATO,CAUSE,FRITEKST,GEBYR_BANKREGNUMMER,ARKIVREF,BLANKETTNUMMER,SOURCE,BEST_STATUS_PATH,BUNTNUMMER,KID,TRANSTEKST,NIBE_BUS_KODE,NIBE_ALC_KODE,BELOP_KREDIT_SUMPOST,ORIGINAL_ID,FORRIGE_ID,NESTE_ID) VALUES (1603,'Korreksjon','000435',{ts '2010-12-22 00:00:00.0'},{ts '2010-12-22 12:35:41.926'},'abl','Korrigert','61050747599','82000822228',999999.99,{ts '2010-12-16 00:00:00.0'},'Overføring','KorreksjonTre til samme kreditbank, arkref 004, 005 og 006',null,'*99000435','6100000006','KORREKSJON_WEB',null,null,null,null,null,null,null,1586,1586,1628);
INSERT INTO "KORREKSJON"."KORREKSJON" (ID,KORREKSJON_TYPE,BESTILLINGSNUMMER,BESTILLINGSDATO,CREATED_AT,CREATED_BY_USER,STATUS,DEBET_ACCOUNT,CREDIT_ACCOUNT,AMOUNT,OPPRINNELIG_DATO,CAUSE,FRITEKST,GEBYR_BANKREGNUMMER,ARKIVREF,BLANKETTNUMMER,SOURCE,BEST_STATUS_PATH,BUNTNUMMER,KID,TRANSTEKST,NIBE_BUS_KODE,NIBE_ALC_KODE,BELOP_KREDIT_SUMPOST,ORIGINAL_ID,FORRIGE_ID,NESTE_ID) VALUES (1604,'Korreksjon','000431',{ts '2010-12-22 00:00:00.0'},{ts '2010-12-22 12:35:48.385'},'abl','Korrigert','70010511168','45341088880',100.02,{ts '2010-12-17 00:00:00.0'},'Overføring','Korreksjon To like debetoverføringer ! + æå',null,'*99000431','6100000002','KORREKSJON_WEB',null,null,null,null,null,null,null,1582,1582,1625);
INSERT INTO "KORREKSJON"."KORREKSJON" (ID,KORREKSJON_TYPE,BESTILLINGSNUMMER,BESTILLINGSDATO,CREATED_AT,CREATED_BY_USER,STATUS,DEBET_ACCOUNT,CREDIT_ACCOUNT,AMOUNT,OPPRINNELIG_DATO,CAUSE,FRITEKST,GEBYR_BANKREGNUMMER,ARKIVREF,BLANKETTNUMMER,SOURCE,BEST_STATUS_PATH,BUNTNUMMER,KID,TRANSTEKST,NIBE_BUS_KODE,NIBE_ALC_KODE,BELOP_KREDIT_SUMPOST,ORIGINAL_ID,FORRIGE_ID,NESTE_ID) VALUES (1605,'Korreksjon','000436',{ts '2010-12-22 00:00:00.0'},{ts '2010-12-22 12:36:17.348'},'abl','Korrigert','05403026680','47140569328',1000000,{ts '2010-12-17 00:00:00.0'},'Overføring','KorreksjonSytti-karakterer(  ,Sytti-   ,Sytti-karakterer)  ,?!: !? + &',null,'*99000436','6100000007','KORREKSJON_WEB',null,null,null,null,null,null,null,1587,1587,1624);
INSERT INTO "KORREKSJON"."KORREKSJON" (ID,KORREKSJON_TYPE,BESTILLINGSNUMMER,BESTILLINGSDATO,CREATED_AT,CREATED_BY_USER,STATUS,DEBET_ACCOUNT,CREDIT_ACCOUNT,AMOUNT,OPPRINNELIG_DATO,CAUSE,FRITEKST,GEBYR_BANKREGNUMMER,ARKIVREF,BLANKETTNUMMER,SOURCE,BEST_STATUS_PATH,BUNTNUMMER,KID,TRANSTEKST,NIBE_BUS_KODE,NIBE_ALC_KODE,BELOP_KREDIT_SUMPOST,ORIGINAL_ID,FORRIGE_ID,NESTE_ID) VALUES (1606,'Korreksjon','000437',{ts '2010-12-22 00:00:00.0'},{ts '2010-12-22 12:36:26.173'},'abl','Korrigert','47143333333','05403026680',1000,{ts '2010-12-20 00:00:00.0'},'Overføring','KorreksjonTest for søk av kontonummer og regnr',null,'*99000437','6100000008','KORREKSJON_WEB',null,null,null,null,null,null,null,1588,1588,1627);
INSERT INTO "KORREKSJON"."KORREKSJON" (ID,KORREKSJON_TYPE,BESTILLINGSNUMMER,BESTILLINGSDATO,CREATED_AT,CREATED_BY_USER,STATUS,DEBET_ACCOUNT,CREDIT_ACCOUNT,AMOUNT,OPPRINNELIG_DATO,CAUSE,FRITEKST,GEBYR_BANKREGNUMMER,ARKIVREF,BLANKETTNUMMER,SOURCE,BEST_STATUS_PATH,BUNTNUMMER,KID,TRANSTEKST,NIBE_BUS_KODE,NIBE_ALC_KODE,BELOP_KREDIT_SUMPOST,ORIGINAL_ID,FORRIGE_ID,NESTE_ID) VALUES (1607,'Korreksjon','000433',{ts '2010-12-22 00:00:00.0'},{ts '2010-12-22 12:36:31.551'},'abl','Korrigert','61050511129','82000109637',200,{ts '2010-12-21 00:00:00.0'},'Overføring','KorreksjonTo like kreditoverføringer, arkref 004 og arkref 005!',null,'*99000433','6100000004','KORREKSJON_WEB',null,null,null,null,null,null,null,1584,1584,1622);
INSERT INTO "KORREKSJON"."KORREKSJON" (ID,KORREKSJON_TYPE,BESTILLINGSNUMMER,BESTILLINGSDATO,CREATED_AT,CREATED_BY_USER,STATUS,DEBET_ACCOUNT,CREDIT_ACCOUNT,AMOUNT,OPPRINNELIG_DATO,CAUSE,FRITEKST,GEBYR_BANKREGNUMMER,ARKIVREF,BLANKETTNUMMER,SOURCE,BEST_STATUS_PATH,BUNTNUMMER,KID,TRANSTEKST,NIBE_BUS_KODE,NIBE_ALC_KODE,BELOP_KREDIT_SUMPOST,ORIGINAL_ID,FORRIGE_ID,NESTE_ID) VALUES (1608,'Korreksjon','000434',{ts '2010-12-22 00:00:00.0'},{ts '2010-12-22 12:37:29.856'},'abl','Korrigert','61051655558','82000109637',10000000000,{ts '2010-12-22 00:00:00.0'},'Overføring','KorreksjonTo like kreditoverføringer, ! + maxbeløp',null,'*99000434','6100000005','KORREKSJON_WEB',null,null,null,null,null,null,null,1585,1585,1623);
INSERT INTO "KORREKSJON"."KORREKSJON" (ID,KORREKSJON_TYPE,BESTILLINGSNUMMER,BESTILLINGSDATO,CREATED_AT,CREATED_BY_USER,STATUS,DEBET_ACCOUNT,CREDIT_ACCOUNT,AMOUNT,OPPRINNELIG_DATO,CAUSE,FRITEKST,GEBYR_BANKREGNUMMER,ARKIVREF,BLANKETTNUMMER,SOURCE,BEST_STATUS_PATH,BUNTNUMMER,KID,TRANSTEKST,NIBE_BUS_KODE,NIBE_ALC_KODE,BELOP_KREDIT_SUMPOST,ORIGINAL_ID,FORRIGE_ID,NESTE_ID) VALUES (1609,'Korreksjon','000438',{ts '2010-12-22 00:00:00.0'},{ts '2010-12-22 12:40:07.601'},'abl','Klar til verifisering','36251044443','13101628889',666,{ts '2010-12-20 00:00:00.0'},'Overføring','Korreksjon',null,'*99000438','6300000001','KORREKSJON_WEB',null,null,null,null,null,null,null,1609,null,1610);
INSERT INTO "KORREKSJON"."KORREKSJON" (ID,KORREKSJON_TYPE,BESTILLINGSNUMMER,BESTILLINGSDATO,CREATED_AT,CREATED_BY_USER,STATUS,DEBET_ACCOUNT,CREDIT_ACCOUNT,AMOUNT,OPPRINNELIG_DATO,CAUSE,FRITEKST,GEBYR_BANKREGNUMMER,ARKIVREF,BLANKETTNUMMER,SOURCE,BEST_STATUS_PATH,BUNTNUMMER,KID,TRANSTEKST,NIBE_BUS_KODE,NIBE_ALC_KODE,BELOP_KREDIT_SUMPOST,ORIGINAL_ID,FORRIGE_ID,NESTE_ID) VALUES (1610,'Korreksjon','000438',{ts '2010-12-22 00:00:00.0'},{ts '2010-12-22 12:40:48.840'},'abl','Slettet','36251044443','13101628889',666,{ts '2010-12-20 00:00:00.0'},'Overføring','Korreksjon',null,'*99000438','6300000001','KORREKSJON_WEB',null,null,null,null,null,null,null,1609,1609,null);
INSERT INTO "KORREKSJON"."KORREKSJON" (ID,KORREKSJON_TYPE,BESTILLINGSNUMMER,BESTILLINGSDATO,CREATED_AT,CREATED_BY_USER,STATUS,DEBET_ACCOUNT,CREDIT_ACCOUNT,AMOUNT,OPPRINNELIG_DATO,CAUSE,FRITEKST,GEBYR_BANKREGNUMMER,ARKIVREF,BLANKETTNUMMER,SOURCE,BEST_STATUS_PATH,BUNTNUMMER,KID,TRANSTEKST,NIBE_BUS_KODE,NIBE_ALC_KODE,BELOP_KREDIT_SUMPOST,ORIGINAL_ID,FORRIGE_ID,NESTE_ID) VALUES (1621,'Korreksjon','000430',{ts '2010-12-22 00:00:00.0'},{ts '2010-12-23 00:02:03.870'},'batch','Ferdigbehandlet','70010511168','10501312121',100.01,{ts '2010-12-16 00:00:00.0'},'Overføring','Korreksjon',null,'*99000430','6100000001','KORREKSJON_WEB',null,null,null,null,null,null,null,1581,1602,null);
INSERT INTO "KORREKSJON"."KORREKSJON" (ID,KORREKSJON_TYPE,BESTILLINGSNUMMER,BESTILLINGSDATO,CREATED_AT,CREATED_BY_USER,STATUS,DEBET_ACCOUNT,CREDIT_ACCOUNT,AMOUNT,OPPRINNELIG_DATO,CAUSE,FRITEKST,GEBYR_BANKREGNUMMER,ARKIVREF,BLANKETTNUMMER,SOURCE,BEST_STATUS_PATH,BUNTNUMMER,KID,TRANSTEKST,NIBE_BUS_KODE,NIBE_ALC_KODE,BELOP_KREDIT_SUMPOST,ORIGINAL_ID,FORRIGE_ID,NESTE_ID) VALUES (1622,'Korreksjon','000433',{ts '2010-12-22 00:00:00.0'},{ts '2010-12-23 00:02:03.104'},'batch','Ferdigbehandlet','61050511129','82000109637',200,{ts '2010-12-21 00:00:00.0'},'Overføring','KorreksjonTo like kreditoverføringer, arkref 004 og arkref 005!',null,'*99000433','6100000004','KORREKSJON_WEB',null,null,null,null,null,null,null,1584,1607,null);
INSERT INTO "KORREKSJON"."KORREKSJON" (ID,KORREKSJON_TYPE,BESTILLINGSNUMMER,BESTILLINGSDATO,CREATED_AT,CREATED_BY_USER,STATUS,DEBET_ACCOUNT,CREDIT_ACCOUNT,AMOUNT,OPPRINNELIG_DATO,CAUSE,FRITEKST,GEBYR_BANKREGNUMMER,ARKIVREF,BLANKETTNUMMER,SOURCE,BEST_STATUS_PATH,BUNTNUMMER,KID,TRANSTEKST,NIBE_BUS_KODE,NIBE_ALC_KODE,BELOP_KREDIT_SUMPOST,ORIGINAL_ID,FORRIGE_ID,NESTE_ID) VALUES (1623,'Korreksjon','000434',{ts '2010-12-22 00:00:00.0'},{ts '2010-12-23 00:02:03.115'},'batch','Ferdigbehandlet','61051655558','82000109637',10000000000,{ts '2010-12-22 00:00:00.0'},'Overføring','KorreksjonTo like kreditoverføringer, ! + maxbeløp',null,'*99000434','6100000005','KORREKSJON_WEB',null,null,null,null,null,null,null,1585,1608,null);
INSERT INTO "KORREKSJON"."KORREKSJON" (ID,KORREKSJON_TYPE,BESTILLINGSNUMMER,BESTILLINGSDATO,CREATED_AT,CREATED_BY_USER,STATUS,DEBET_ACCOUNT,CREDIT_ACCOUNT,AMOUNT,OPPRINNELIG_DATO,CAUSE,FRITEKST,GEBYR_BANKREGNUMMER,ARKIVREF,BLANKETTNUMMER,SOURCE,BEST_STATUS_PATH,BUNTNUMMER,KID,TRANSTEKST,NIBE_BUS_KODE,NIBE_ALC_KODE,BELOP_KREDIT_SUMPOST,ORIGINAL_ID,FORRIGE_ID,NESTE_ID) VALUES (1624,'Korreksjon','000436',{ts '2010-12-22 00:00:00.0'},{ts '2010-12-23 00:02:03.125'},'batch','Ferdigbehandlet','05403026680','47140569328',1000000,{ts '2010-12-17 00:00:00.0'},'Overføring','KorreksjonSytti-karakterer(  ,Sytti-   ,Sytti-karakterer)  ,?!: !? + &',null,'*99000436','6100000007','KORREKSJON_WEB',null,null,null,null,null,null,null,1587,1605,null);
INSERT INTO "KORREKSJON"."KORREKSJON" (ID,KORREKSJON_TYPE,BESTILLINGSNUMMER,BESTILLINGSDATO,CREATED_AT,CREATED_BY_USER,STATUS,DEBET_ACCOUNT,CREDIT_ACCOUNT,AMOUNT,OPPRINNELIG_DATO,CAUSE,FRITEKST,GEBYR_BANKREGNUMMER,ARKIVREF,BLANKETTNUMMER,SOURCE,BEST_STATUS_PATH,BUNTNUMMER,KID,TRANSTEKST,NIBE_BUS_KODE,NIBE_ALC_KODE,BELOP_KREDIT_SUMPOST,ORIGINAL_ID,FORRIGE_ID,NESTE_ID) VALUES (1625,'Korreksjon','000431',{ts '2010-12-22 00:00:00.0'},{ts '2010-12-23 00:02:03.134'},'batch','Ferdigbehandlet','70010511168','45341088880',100.02,{ts '2010-12-17 00:00:00.0'},'Overføring','Korreksjon To like debetoverføringer ! + æå',null,'*99000431','6100000002','KORREKSJON_WEB',null,null,null,null,null,null,null,1582,1604,null);
INSERT INTO "KORREKSJON"."KORREKSJON" (ID,KORREKSJON_TYPE,BESTILLINGSNUMMER,BESTILLINGSDATO,CREATED_AT,CREATED_BY_USER,STATUS,DEBET_ACCOUNT,CREDIT_ACCOUNT,AMOUNT,OPPRINNELIG_DATO,CAUSE,FRITEKST,GEBYR_BANKREGNUMMER,ARKIVREF,BLANKETTNUMMER,SOURCE,BEST_STATUS_PATH,BUNTNUMMER,KID,TRANSTEKST,NIBE_BUS_KODE,NIBE_ALC_KODE,BELOP_KREDIT_SUMPOST,ORIGINAL_ID,FORRIGE_ID,NESTE_ID) VALUES (1626,'Korreksjon','000432',{ts '2010-12-22 00:00:00.0'},{ts '2010-12-23 00:02:03.148'},'batch','Ferdigbehandlet','70010511117','32270598691',100.1,{ts '2010-12-20 00:00:00.0'},'Overføring','Korreksjon Tre til samme debetbank, arkref 001, 002 og 003 + ÆØÅ TEST',null,'*99000432','6100000003','KORREKSJON_WEB',null,null,null,null,null,null,null,1583,1601,null);
INSERT INTO "KORREKSJON"."KORREKSJON" (ID,KORREKSJON_TYPE,BESTILLINGSNUMMER,BESTILLINGSDATO,CREATED_AT,CREATED_BY_USER,STATUS,DEBET_ACCOUNT,CREDIT_ACCOUNT,AMOUNT,OPPRINNELIG_DATO,CAUSE,FRITEKST,GEBYR_BANKREGNUMMER,ARKIVREF,BLANKETTNUMMER,SOURCE,BEST_STATUS_PATH,BUNTNUMMER,KID,TRANSTEKST,NIBE_BUS_KODE,NIBE_ALC_KODE,BELOP_KREDIT_SUMPOST,ORIGINAL_ID,FORRIGE_ID,NESTE_ID) VALUES (1627,'Korreksjon','000437',{ts '2010-12-22 00:00:00.0'},{ts '2010-12-23 00:02:03.157'},'batch','Ferdigbehandlet','47143333333','05403026680',1000,{ts '2010-12-20 00:00:00.0'},'Overføring','KorreksjonTest for søk av kontonummer og regnr',null,'*99000437','6100000008','KORREKSJON_WEB',null,null,null,null,null,null,null,1588,1606,null);
INSERT INTO "KORREKSJON"."KORREKSJON" (ID,KORREKSJON_TYPE,BESTILLINGSNUMMER,BESTILLINGSDATO,CREATED_AT,CREATED_BY_USER,STATUS,DEBET_ACCOUNT,CREDIT_ACCOUNT,AMOUNT,OPPRINNELIG_DATO,CAUSE,FRITEKST,GEBYR_BANKREGNUMMER,ARKIVREF,BLANKETTNUMMER,SOURCE,BEST_STATUS_PATH,BUNTNUMMER,KID,TRANSTEKST,NIBE_BUS_KODE,NIBE_ALC_KODE,BELOP_KREDIT_SUMPOST,ORIGINAL_ID,FORRIGE_ID,NESTE_ID) VALUES (1628,'Korreksjon','000435',{ts '2010-12-22 00:00:00.0'},{ts '2010-12-23 00:02:03.168'},'batch','Ferdigbehandlet','61050747599','82000822228',999999.99,{ts '2010-12-16 00:00:00.0'},'Overføring','KorreksjonTre til samme kreditbank, arkref 004, 005 og 006',null,'*99000435','6100000006','KORREKSJON_WEB',null,null,null,null,null,null,null,1586,1603,null);
INSERT INTO "KORREKSJON"."KORREKSJON" (ID,KORREKSJON_TYPE,BESTILLINGSNUMMER,BESTILLINGSDATO,CREATED_AT,CREATED_BY_USER,STATUS,DEBET_ACCOUNT,CREDIT_ACCOUNT,AMOUNT,OPPRINNELIG_DATO,CAUSE,FRITEKST,GEBYR_BANKREGNUMMER,ARKIVREF,BLANKETTNUMMER,SOURCE,BEST_STATUS_PATH,BUNTNUMMER,KID,TRANSTEKST,NIBE_BUS_KODE,NIBE_ALC_KODE,BELOP_KREDIT_SUMPOST,ORIGINAL_ID,FORRIGE_ID,NESTE_ID) VALUES (1641,'Korreksjon','000439',{ts '2011-01-06 00:00:00.0'},{ts '2011-01-06 09:12:13.230'},'abl','Klar til verifisering','60030586886','82006674379',200000,{ts '2010-12-15 00:00:00.0'},'Overføring','Korreksjon',null,'*99000439','6278007972','KORREKSJON_WEB',null,null,null,null,null,null,null,1641,null,1658);
INSERT INTO "KORREKSJON"."KORREKSJON" (ID,KORREKSJON_TYPE,BESTILLINGSNUMMER,BESTILLINGSDATO,CREATED_AT,CREATED_BY_USER,STATUS,DEBET_ACCOUNT,CREDIT_ACCOUNT,AMOUNT,OPPRINNELIG_DATO,CAUSE,FRITEKST,GEBYR_BANKREGNUMMER,ARKIVREF,BLANKETTNUMMER,SOURCE,BEST_STATUS_PATH,BUNTNUMMER,KID,TRANSTEKST,NIBE_BUS_KODE,NIBE_ALC_KODE,BELOP_KREDIT_SUMPOST,ORIGINAL_ID,FORRIGE_ID,NESTE_ID) VALUES (1642,'Korreksjon','000440',{ts '2011-01-06 00:00:00.0'},{ts '2011-01-06 09:13:01.293'},'abl','Klar til verifisering','82006697379','60030586886',200000,{ts '2010-12-15 00:00:00.0'},'Overføring','Korreksjon',null,'*99000440','6278007972','KORREKSJON_WEB',null,null,null,null,null,null,null,1642,null,1661);
INSERT INTO "KORREKSJON"."KORREKSJON" (ID,KORREKSJON_TYPE,BESTILLINGSNUMMER,BESTILLINGSDATO,CREATED_AT,CREATED_BY_USER,STATUS,DEBET_ACCOUNT,CREDIT_ACCOUNT,AMOUNT,OPPRINNELIG_DATO,CAUSE,FRITEKST,GEBYR_BANKREGNUMMER,ARKIVREF,BLANKETTNUMMER,SOURCE,BEST_STATUS_PATH,BUNTNUMMER,KID,TRANSTEKST,NIBE_BUS_KODE,NIBE_ALC_KODE,BELOP_KREDIT_SUMPOST,ORIGINAL_ID,FORRIGE_ID,NESTE_ID) VALUES (1643,'Korreksjon','000441',{ts '2011-01-06 00:00:00.0'},{ts '2011-01-06 09:19:36.471'},'krj','Klar til verifisering','39320503888','60030586886',4500,{ts '2010-11-22 00:00:00.0'},'Overføring','Korreksjon',null,'*99000441','6278841386','KORREKSJON_WEB',null,null,null,null,null,null,null,1643,null,1664);
INSERT INTO "KORREKSJON"."KORREKSJON" (ID,KORREKSJON_TYPE,BESTILLINGSNUMMER,BESTILLINGSDATO,CREATED_AT,CREATED_BY_USER,STATUS,DEBET_ACCOUNT,CREDIT_ACCOUNT,AMOUNT,OPPRINNELIG_DATO,CAUSE,FRITEKST,GEBYR_BANKREGNUMMER,ARKIVREF,BLANKETTNUMMER,SOURCE,BEST_STATUS_PATH,BUNTNUMMER,KID,TRANSTEKST,NIBE_BUS_KODE,NIBE_ALC_KODE,BELOP_KREDIT_SUMPOST,ORIGINAL_ID,FORRIGE_ID,NESTE_ID) VALUES (1644,'Korreksjon','000442',{ts '2011-01-06 00:00:00.0'},{ts '2011-01-06 09:20:33.131'},'krj','Klar til verifisering','60030586886','39320503888',9500,{ts '2010-11-22 00:00:00.0'},'Overføring','Korreksjon',null,'*99000442','6278841386','KORREKSJON_WEB',null,null,null,null,null,null,null,1644,null,1665);
INSERT INTO "KORREKSJON"."KORREKSJON" (ID,KORREKSJON_TYPE,BESTILLINGSNUMMER,BESTILLINGSDATO,CREATED_AT,CREATED_BY_USER,STATUS,DEBET_ACCOUNT,CREDIT_ACCOUNT,AMOUNT,OPPRINNELIG_DATO,CAUSE,FRITEKST,GEBYR_BANKREGNUMMER,ARKIVREF,BLANKETTNUMMER,SOURCE,BEST_STATUS_PATH,BUNTNUMMER,KID,TRANSTEKST,NIBE_BUS_KODE,NIBE_ALC_KODE,BELOP_KREDIT_SUMPOST,ORIGINAL_ID,FORRIGE_ID,NESTE_ID) VALUES (1645,'Korreksjon','000443',{ts '2011-01-06 00:00:00.0'},{ts '2011-01-06 09:21:19.607'},'abl','Klar til verifisering','60030586886','71761037506',2000,{ts '2010-12-01 00:00:00.0'},'Overføring','Korreksjon',null,'*99000443','6515334552','KORREKSJON_WEB',null,null,null,null,null,null,null,1645,null,1656);
INSERT INTO "KORREKSJON"."KORREKSJON" (ID,KORREKSJON_TYPE,BESTILLINGSNUMMER,BESTILLINGSDATO,CREATED_AT,CREATED_BY_USER,STATUS,DEBET_ACCOUNT,CREDIT_ACCOUNT,AMOUNT,OPPRINNELIG_DATO,CAUSE,FRITEKST,GEBYR_BANKREGNUMMER,ARKIVREF,BLANKETTNUMMER,SOURCE,BEST_STATUS_PATH,BUNTNUMMER,KID,TRANSTEKST,NIBE_BUS_KODE,NIBE_ALC_KODE,BELOP_KREDIT_SUMPOST,ORIGINAL_ID,FORRIGE_ID,NESTE_ID) VALUES (1646,'Korreksjon','000444',{ts '2011-01-06 00:00:00.0'},{ts '2011-01-06 09:22:16.109'},'abl','Klar til verifisering','60030586886','90080500954',1900,{ts '2010-12-13 00:00:00.0'},'Overføring','Korreksjon',null,'*99000444','6043153132','KORREKSJON_WEB',null,null,null,null,null,null,null,1646,null,1657);
INSERT INTO "KORREKSJON"."KORREKSJON" (ID,KORREKSJON_TYPE,BESTILLINGSNUMMER,BESTILLINGSDATO,CREATED_AT,CREATED_BY_USER,STATUS,DEBET_ACCOUNT,CREDIT_ACCOUNT,AMOUNT,OPPRINNELIG_DATO,CAUSE,FRITEKST,GEBYR_BANKREGNUMMER,ARKIVREF,BLANKETTNUMMER,SOURCE,BEST_STATUS_PATH,BUNTNUMMER,KID,TRANSTEKST,NIBE_BUS_KODE,NIBE_ALC_KODE,BELOP_KREDIT_SUMPOST,ORIGINAL_ID,FORRIGE_ID,NESTE_ID) VALUES (1647,'Korreksjon','000445',{ts '2011-01-06 00:00:00.0'},{ts '2011-01-06 09:22:39.633'},'krj','Klar til verifisering','49101315869','39000507850',12.71,{ts '2010-12-31 00:00:00.0'},'Overføring','Korreksjon',null,'*99000445','6190297927','KORREKSJON_WEB',null,null,null,null,null,null,null,1647,null,1666);
INSERT INTO "KORREKSJON"."KORREKSJON" (ID,KORREKSJON_TYPE,BESTILLINGSNUMMER,BESTILLINGSDATO,CREATED_AT,CREATED_BY_USER,STATUS,DEBET_ACCOUNT,CREDIT_ACCOUNT,AMOUNT,OPPRINNELIG_DATO,CAUSE,FRITEKST,GEBYR_BANKREGNUMMER,ARKIVREF,BLANKETTNUMMER,SOURCE,BEST_STATUS_PATH,BUNTNUMMER,KID,TRANSTEKST,NIBE_BUS_KODE,NIBE_ALC_KODE,BELOP_KREDIT_SUMPOST,ORIGINAL_ID,FORRIGE_ID,NESTE_ID) VALUES (1648,'Korreksjon','000446',{ts '2011-01-06 00:00:00.0'},{ts '2011-01-06 09:23:08.643'},'krj','Klar til verifisering','39000507850','49101315869',1271,{ts '2010-12-31 00:00:00.0'},'Overføring','Korreksjon',null,'*99000446','6190297927','KORREKSJON_WEB',null,null,null,null,null,null,null,1648,null,1667);
INSERT INTO "KORREKSJON"."KORREKSJON" (ID,KORREKSJON_TYPE,BESTILLINGSNUMMER,BESTILLINGSDATO,CREATED_AT,CREATED_BY_USER,STATUS,DEBET_ACCOUNT,CREDIT_ACCOUNT,AMOUNT,OPPRINNELIG_DATO,CAUSE,FRITEKST,GEBYR_BANKREGNUMMER,ARKIVREF,BLANKETTNUMMER,SOURCE,BEST_STATUS_PATH,BUNTNUMMER,KID,TRANSTEKST,NIBE_BUS_KODE,NIBE_ALC_KODE,BELOP_KREDIT_SUMPOST,ORIGINAL_ID,FORRIGE_ID,NESTE_ID) VALUES (1649,'Korreksjon','000447',{ts '2011-01-06 00:00:00.0'},{ts '2011-01-06 09:24:44.636'},'abl','Klar til verifisering','60030586886','73621014282',2750,{ts '2010-12-17 00:00:00.0'},'Overføring','Korreksjon',null,'*99000447','6448559937','KORREKSJON_WEB',null,null,null,null,null,null,null,1649,null,1663);
INSERT INTO "KORREKSJON"."KORREKSJON" (ID,KORREKSJON_TYPE,BESTILLINGSNUMMER,BESTILLINGSDATO,CREATED_AT,CREATED_BY_USER,STATUS,DEBET_ACCOUNT,CREDIT_ACCOUNT,AMOUNT,OPPRINNELIG_DATO,CAUSE,FRITEKST,GEBYR_BANKREGNUMMER,ARKIVREF,BLANKETTNUMMER,SOURCE,BEST_STATUS_PATH,BUNTNUMMER,KID,TRANSTEKST,NIBE_BUS_KODE,NIBE_ALC_KODE,BELOP_KREDIT_SUMPOST,ORIGINAL_ID,FORRIGE_ID,NESTE_ID) VALUES (1650,'Korreksjon','000448',{ts '2011-01-06 00:00:00.0'},{ts '2011-01-06 09:25:40.539'},'abl','Klar til verifisering','60030586886','20203301880',78577,{ts '2010-11-26 00:00:00.0'},'Overføring','Korreksjon',null,'*99000448','6095823518','KORREKSJON_WEB',null,null,null,null,null,null,null,1650,null,1655);
INSERT INTO "KORREKSJON"."KORREKSJON" (ID,KORREKSJON_TYPE,BESTILLINGSNUMMER,BESTILLINGSDATO,CREATED_AT,CREATED_BY_USER,STATUS,DEBET_ACCOUNT,CREDIT_ACCOUNT,AMOUNT,OPPRINNELIG_DATO,CAUSE,FRITEKST,GEBYR_BANKREGNUMMER,ARKIVREF,BLANKETTNUMMER,SOURCE,BEST_STATUS_PATH,BUNTNUMMER,KID,TRANSTEKST,NIBE_BUS_KODE,NIBE_ALC_KODE,BELOP_KREDIT_SUMPOST,ORIGINAL_ID,FORRIGE_ID,NESTE_ID) VALUES (1651,'Korreksjon','000449',{ts '2011-01-06 00:00:00.0'},{ts '2011-01-06 09:26:27.260'},'abl','Klar til verifisering','60030586886','70580642037',1000,{ts '2010-05-03 00:00:00.0'},'Overføring','Korreksjon',null,'*99000449','6508011121','KORREKSJON_WEB',null,null,null,null,null,null,null,1651,null,1654);
INSERT INTO "KORREKSJON"."KORREKSJON" (ID,KORREKSJON_TYPE,BESTILLINGSNUMMER,BESTILLINGSDATO,CREATED_AT,CREATED_BY_USER,STATUS,DEBET_ACCOUNT,CREDIT_ACCOUNT,AMOUNT,OPPRINNELIG_DATO,CAUSE,FRITEKST,GEBYR_BANKREGNUMMER,ARKIVREF,BLANKETTNUMMER,SOURCE,BEST_STATUS_PATH,BUNTNUMMER,KID,TRANSTEKST,NIBE_BUS_KODE,NIBE_ALC_KODE,BELOP_KREDIT_SUMPOST,ORIGINAL_ID,FORRIGE_ID,NESTE_ID) VALUES (1652,'Korreksjon','000450',{ts '2011-01-06 00:00:00.0'},{ts '2011-01-06 09:28:50.114'},'krj','Klar til verifisering','94811064909','94811041909',340,{ts '2011-01-03 00:00:00.0'},'Overføring','Korreksjon',null,'*99000450','6096190375','KORREKSJON_WEB',null,null,null,null,null,null,null,1652,null,1668);
INSERT INTO "KORREKSJON"."KORREKSJON" (ID,KORREKSJON_TYPE,BESTILLINGSNUMMER,BESTILLINGSDATO,CREATED_AT,CREATED_BY_USER,STATUS,DEBET_ACCOUNT,CREDIT_ACCOUNT,AMOUNT,OPPRINNELIG_DATO,CAUSE,FRITEKST,GEBYR_BANKREGNUMMER,ARKIVREF,BLANKETTNUMMER,SOURCE,BEST_STATUS_PATH,BUNTNUMMER,KID,TRANSTEKST,NIBE_BUS_KODE,NIBE_ALC_KODE,BELOP_KREDIT_SUMPOST,ORIGINAL_ID,FORRIGE_ID,NESTE_ID) VALUES (1653,'Korreksjon','000451',{ts '2011-01-06 00:00:00.0'},{ts '2011-01-06 09:29:25.963'},'krj','Klar til verifisering','42801329920','60030586886',400,{ts '2010-12-15 00:00:00.0'},'Overføring','Korreksjon',null,'*99000451','6097376664','KORREKSJON_WEB',null,null,null,null,null,null,null,1653,null,1662);
INSERT INTO "KORREKSJON"."KORREKSJON" (ID,KORREKSJON_TYPE,BESTILLINGSNUMMER,BESTILLINGSDATO,CREATED_AT,CREATED_BY_USER,STATUS,DEBET_ACCOUNT,CREDIT_ACCOUNT,AMOUNT,OPPRINNELIG_DATO,CAUSE,FRITEKST,GEBYR_BANKREGNUMMER,ARKIVREF,BLANKETTNUMMER,SOURCE,BEST_STATUS_PATH,BUNTNUMMER,KID,TRANSTEKST,NIBE_BUS_KODE,NIBE_ALC_KODE,BELOP_KREDIT_SUMPOST,ORIGINAL_ID,FORRIGE_ID,NESTE_ID) VALUES (1654,'Korreksjon','000449',{ts '2011-01-06 00:00:00.0'},{ts '2011-01-06 09:44:06.454'},'krj','Korrigert','60030586886','70580642037',1000,{ts '2010-05-03 00:00:00.0'},'Overføring','Korreksjon',null,'*99000449','6508011121','KORREKSJON_WEB',null,null,null,null,null,null,null,1651,1651,1708);
INSERT INTO "KORREKSJON"."KORREKSJON" (ID,KORREKSJON_TYPE,BESTILLINGSNUMMER,BESTILLINGSDATO,CREATED_AT,CREATED_BY_USER,STATUS,DEBET_ACCOUNT,CREDIT_ACCOUNT,AMOUNT,OPPRINNELIG_DATO,CAUSE,FRITEKST,GEBYR_BANKREGNUMMER,ARKIVREF,BLANKETTNUMMER,SOURCE,BEST_STATUS_PATH,BUNTNUMMER,KID,TRANSTEKST,NIBE_BUS_KODE,NIBE_ALC_KODE,BELOP_KREDIT_SUMPOST,ORIGINAL_ID,FORRIGE_ID,NESTE_ID) VALUES (1655,'Korreksjon','000448',{ts '2011-01-06 00:00:00.0'},{ts '2011-01-06 09:44:55.560'},'krj','Korrigert','60030586886','20203301880',78577,{ts '2010-11-26 00:00:00.0'},'Overføring','Korreksjon',null,'*99000448','6095823518','KORREKSJON_WEB',null,null,null,null,null,null,null,1650,1650,1711);
INSERT INTO "KORREKSJON"."KORREKSJON" (ID,KORREKSJON_TYPE,BESTILLINGSNUMMER,BESTILLINGSDATO,CREATED_AT,CREATED_BY_USER,STATUS,DEBET_ACCOUNT,CREDIT_ACCOUNT,AMOUNT,OPPRINNELIG_DATO,CAUSE,FRITEKST,GEBYR_BANKREGNUMMER,ARKIVREF,BLANKETTNUMMER,SOURCE,BEST_STATUS_PATH,BUNTNUMMER,KID,TRANSTEKST,NIBE_BUS_KODE,NIBE_ALC_KODE,BELOP_KREDIT_SUMPOST,ORIGINAL_ID,FORRIGE_ID,NESTE_ID) VALUES (1656,'Korreksjon','000443',{ts '2011-01-06 00:00:00.0'},{ts '2011-01-06 09:45:35.727'},'krj','Korrigert','60030586886','71761037506',2000,{ts '2010-12-01 00:00:00.0'},'Overføring','Korreksjon',null,'*99000443','6515334552','KORREKSJON_WEB',null,null,null,null,null,null,null,1645,1645,1705);
INSERT INTO "KORREKSJON"."KORREKSJON" (ID,KORREKSJON_TYPE,BESTILLINGSNUMMER,BESTILLINGSDATO,CREATED_AT,CREATED_BY_USER,STATUS,DEBET_ACCOUNT,CREDIT_ACCOUNT,AMOUNT,OPPRINNELIG_DATO,CAUSE,FRITEKST,GEBYR_BANKREGNUMMER,ARKIVREF,BLANKETTNUMMER,SOURCE,BEST_STATUS_PATH,BUNTNUMMER,KID,TRANSTEKST,NIBE_BUS_KODE,NIBE_ALC_KODE,BELOP_KREDIT_SUMPOST,ORIGINAL_ID,FORRIGE_ID,NESTE_ID) VALUES (1657,'Korreksjon','000444',{ts '2011-01-06 00:00:00.0'},{ts '2011-01-06 09:46:09.261'},'krj','Korrigert','60030586886','90080500954',1900,{ts '2010-12-13 00:00:00.0'},'Overføring','Korreksjon',null,'*99000444','6043153132','KORREKSJON_WEB',null,null,null,null,null,null,null,1646,1646,1710);
INSERT INTO "KORREKSJON"."KORREKSJON" (ID,KORREKSJON_TYPE,BESTILLINGSNUMMER,BESTILLINGSDATO,CREATED_AT,CREATED_BY_USER,STATUS,DEBET_ACCOUNT,CREDIT_ACCOUNT,AMOUNT,OPPRINNELIG_DATO,CAUSE,FRITEKST,GEBYR_BANKREGNUMMER,ARKIVREF,BLANKETTNUMMER,SOURCE,BEST_STATUS_PATH,BUNTNUMMER,KID,TRANSTEKST,NIBE_BUS_KODE,NIBE_ALC_KODE,BELOP_KREDIT_SUMPOST,ORIGINAL_ID,FORRIGE_ID,NESTE_ID) VALUES (1658,'Korreksjon','000439',{ts '2011-01-06 00:00:00.0'},{ts '2011-01-06 09:46:52.548'},'krj','Korrigert','60030586886','82006674379',200000,{ts '2010-12-15 00:00:00.0'},'Overføring','Korreksjon',null,'*99000439','6278007972','KORREKSJON_WEB',null,null,null,null,null,null,null,1641,1641,1669);
INSERT INTO "KORREKSJON"."KORREKSJON" (ID,KORREKSJON_TYPE,BESTILLINGSNUMMER,BESTILLINGSDATO,CREATED_AT,CREATED_BY_USER,STATUS,DEBET_ACCOUNT,CREDIT_ACCOUNT,AMOUNT,OPPRINNELIG_DATO,CAUSE,FRITEKST,GEBYR_BANKREGNUMMER,ARKIVREF,BLANKETTNUMMER,SOURCE,BEST_STATUS_PATH,BUNTNUMMER,KID,TRANSTEKST,NIBE_BUS_KODE,NIBE_ALC_KODE,BELOP_KREDIT_SUMPOST,ORIGINAL_ID,FORRIGE_ID,NESTE_ID) VALUES (1661,'Korreksjon','000440',{ts '2011-01-06 00:00:00.0'},{ts '2011-01-06 09:49:08.633'},'krj','Korrigert','82006697379','60030586886',200000,{ts '2010-12-15 00:00:00.0'},'Overføring','Korreksjon',null,'*99000440','6278007972','KORREKSJON_WEB',null,null,null,null,null,null,null,1642,1642,1712);
INSERT INTO "KORREKSJON"."KORREKSJON" (ID,KORREKSJON_TYPE,BESTILLINGSNUMMER,BESTILLINGSDATO,CREATED_AT,CREATED_BY_USER,STATUS,DEBET_ACCOUNT,CREDIT_ACCOUNT,AMOUNT,OPPRINNELIG_DATO,CAUSE,FRITEKST,GEBYR_BANKREGNUMMER,ARKIVREF,BLANKETTNUMMER,SOURCE,BEST_STATUS_PATH,BUNTNUMMER,KID,TRANSTEKST,NIBE_BUS_KODE,NIBE_ALC_KODE,BELOP_KREDIT_SUMPOST,ORIGINAL_ID,FORRIGE_ID,NESTE_ID) VALUES (1662,'Korreksjon','000451',{ts '2011-01-06 00:00:00.0'},{ts '2011-01-06 09:49:18.535'},'abl','Korrigert','42801329920','60030586886',400,{ts '2010-12-15 00:00:00.0'},'Overføring','Korreksjon',null,'*99000451','6097376664','KORREKSJON_WEB',null,null,null,null,null,null,null,1653,1653,1701);
INSERT INTO "KORREKSJON"."KORREKSJON" (ID,KORREKSJON_TYPE,BESTILLINGSNUMMER,BESTILLINGSDATO,CREATED_AT,CREATED_BY_USER,STATUS,DEBET_ACCOUNT,CREDIT_ACCOUNT,AMOUNT,OPPRINNELIG_DATO,CAUSE,FRITEKST,GEBYR_BANKREGNUMMER,ARKIVREF,BLANKETTNUMMER,SOURCE,BEST_STATUS_PATH,BUNTNUMMER,KID,TRANSTEKST,NIBE_BUS_KODE,NIBE_ALC_KODE,BELOP_KREDIT_SUMPOST,ORIGINAL_ID,FORRIGE_ID,NESTE_ID) VALUES (1663,'Korreksjon','000447',{ts '2011-01-06 00:00:00.0'},{ts '2011-01-06 09:49:34.855'},'krj','Korrigert','60030586886','73621014282',2750,{ts '2010-12-17 00:00:00.0'},'Overføring','Korreksjon',null,'*99000447','6448559937','KORREKSJON_WEB',null,null,null,null,null,null,null,1649,1649,1704);
INSERT INTO "KORREKSJON"."KORREKSJON" (ID,KORREKSJON_TYPE,BESTILLINGSNUMMER,BESTILLINGSDATO,CREATED_AT,CREATED_BY_USER,STATUS,DEBET_ACCOUNT,CREDIT_ACCOUNT,AMOUNT,OPPRINNELIG_DATO,CAUSE,FRITEKST,GEBYR_BANKREGNUMMER,ARKIVREF,BLANKETTNUMMER,SOURCE,BEST_STATUS_PATH,BUNTNUMMER,KID,TRANSTEKST,NIBE_BUS_KODE,NIBE_ALC_KODE,BELOP_KREDIT_SUMPOST,ORIGINAL_ID,FORRIGE_ID,NESTE_ID) VALUES (1664,'Korreksjon','000441',{ts '2011-01-06 00:00:00.0'},{ts '2011-01-06 09:51:41.781'},'abl','Korrigert','39320503888','60030586886',4500,{ts '2010-11-22 00:00:00.0'},'Overføring','Korreksjon',null,'*99000441','6278841386','KORREKSJON_WEB',null,null,null,null,null,null,null,1643,1643,1702);
INSERT INTO "KORREKSJON"."KORREKSJON" (ID,KORREKSJON_TYPE,BESTILLINGSNUMMER,BESTILLINGSDATO,CREATED_AT,CREATED_BY_USER,STATUS,DEBET_ACCOUNT,CREDIT_ACCOUNT,AMOUNT,OPPRINNELIG_DATO,CAUSE,FRITEKST,GEBYR_BANKREGNUMMER,ARKIVREF,BLANKETTNUMMER,SOURCE,BEST_STATUS_PATH,BUNTNUMMER,KID,TRANSTEKST,NIBE_BUS_KODE,NIBE_ALC_KODE,BELOP_KREDIT_SUMPOST,ORIGINAL_ID,FORRIGE_ID,NESTE_ID) VALUES (1665,'Korreksjon','000442',{ts '2011-01-06 00:00:00.0'},{ts '2011-01-06 09:54:57.569'},'lip','Korrigert','60030586886','39320503888',9500,{ts '2010-11-22 00:00:00.0'},'Overføring','Korreksjon',null,'*99000442','6278841386','KORREKSJON_WEB',null,null,null,null,null,null,null,1644,1644,1706);
INSERT INTO "KORREKSJON"."KORREKSJON" (ID,KORREKSJON_TYPE,BESTILLINGSNUMMER,BESTILLINGSDATO,CREATED_AT,CREATED_BY_USER,STATUS,DEBET_ACCOUNT,CREDIT_ACCOUNT,AMOUNT,OPPRINNELIG_DATO,CAUSE,FRITEKST,GEBYR_BANKREGNUMMER,ARKIVREF,BLANKETTNUMMER,SOURCE,BEST_STATUS_PATH,BUNTNUMMER,KID,TRANSTEKST,NIBE_BUS_KODE,NIBE_ALC_KODE,BELOP_KREDIT_SUMPOST,ORIGINAL_ID,FORRIGE_ID,NESTE_ID) VALUES (1666,'Korreksjon','000445',{ts '2011-01-06 00:00:00.0'},{ts '2011-01-06 09:55:11.363'},'lip','Korrigert','49101315869','39000507850',12.71,{ts '2010-12-31 00:00:00.0'},'Overføring','Korreksjon',null,'*99000445','6190297927','KORREKSJON_WEB',null,null,null,null,null,null,null,1647,1647,1707);
INSERT INTO "KORREKSJON"."KORREKSJON" (ID,KORREKSJON_TYPE,BESTILLINGSNUMMER,BESTILLINGSDATO,CREATED_AT,CREATED_BY_USER,STATUS,DEBET_ACCOUNT,CREDIT_ACCOUNT,AMOUNT,OPPRINNELIG_DATO,CAUSE,FRITEKST,GEBYR_BANKREGNUMMER,ARKIVREF,BLANKETTNUMMER,SOURCE,BEST_STATUS_PATH,BUNTNUMMER,KID,TRANSTEKST,NIBE_BUS_KODE,NIBE_ALC_KODE,BELOP_KREDIT_SUMPOST,ORIGINAL_ID,FORRIGE_ID,NESTE_ID) VALUES (1667,'Korreksjon','000446',{ts '2011-01-06 00:00:00.0'},{ts '2011-01-06 09:56:11.410'},'lip','Korrigert','39000507850','49101315869',1111271,{ts '2010-12-31 00:00:00.0'},'Overføring','Korreksjon',null,'*99000446','6190297927','KORREKSJON_WEB',null,null,null,null,null,null,null,1648,1648,1709);
INSERT INTO "KORREKSJON"."KORREKSJON" (ID,KORREKSJON_TYPE,BESTILLINGSNUMMER,BESTILLINGSDATO,CREATED_AT,CREATED_BY_USER,STATUS,DEBET_ACCOUNT,CREDIT_ACCOUNT,AMOUNT,OPPRINNELIG_DATO,CAUSE,FRITEKST,GEBYR_BANKREGNUMMER,ARKIVREF,BLANKETTNUMMER,SOURCE,BEST_STATUS_PATH,BUNTNUMMER,KID,TRANSTEKST,NIBE_BUS_KODE,NIBE_ALC_KODE,BELOP_KREDIT_SUMPOST,ORIGINAL_ID,FORRIGE_ID,NESTE_ID) VALUES (1668,'Korreksjon','000450',{ts '2011-01-06 00:00:00.0'},{ts '2011-01-06 09:56:31.200'},'lip','Korrigert','94811064909','94811041909',340,{ts '2011-01-03 00:00:00.0'},'Overføring','Korreksjon',null,'*99000450','6096190375','KORREKSJON_WEB',null,null,null,null,null,null,null,1652,1652,1703);
INSERT INTO "KORREKSJON"."KORREKSJON" (ID,KORREKSJON_TYPE,BESTILLINGSNUMMER,BESTILLINGSDATO,CREATED_AT,CREATED_BY_USER,STATUS,DEBET_ACCOUNT,CREDIT_ACCOUNT,AMOUNT,OPPRINNELIG_DATO,CAUSE,FRITEKST,GEBYR_BANKREGNUMMER,ARKIVREF,BLANKETTNUMMER,SOURCE,BEST_STATUS_PATH,BUNTNUMMER,KID,TRANSTEKST,NIBE_BUS_KODE,NIBE_ALC_KODE,BELOP_KREDIT_SUMPOST,ORIGINAL_ID,FORRIGE_ID,NESTE_ID) VALUES (1669,'Korreksjon','000439',{ts '2011-01-06 00:00:00.0'},{ts '2011-01-06 09:57:06.477'},'lip','Slettet','60030586886','82006674379',200000,{ts '2010-12-15 00:00:00.0'},'Overføring','Korreksjon',null,'*99000439','6278007972','KORREKSJON_WEB',null,null,null,null,null,null,null,1641,1658,null);
INSERT INTO "KORREKSJON"."KORREKSJON" (ID,KORREKSJON_TYPE,BESTILLINGSNUMMER,BESTILLINGSDATO,CREATED_AT,CREATED_BY_USER,STATUS,DEBET_ACCOUNT,CREDIT_ACCOUNT,AMOUNT,OPPRINNELIG_DATO,CAUSE,FRITEKST,GEBYR_BANKREGNUMMER,ARKIVREF,BLANKETTNUMMER,SOURCE,BEST_STATUS_PATH,BUNTNUMMER,KID,TRANSTEKST,NIBE_BUS_KODE,NIBE_ALC_KODE,BELOP_KREDIT_SUMPOST,ORIGINAL_ID,FORRIGE_ID,NESTE_ID) VALUES (1681,'Korreksjon','000452',{ts '2011-01-06 00:00:00.0'},{ts '2011-01-06 10:08:19.381'},'krj','Klar til verifisering','60030586886','78770813645',1260,{ts '2010-07-20 00:00:00.0'},'Overføring','Korreksjon',null,'*99000452','6448222063','KORREKSJON_WEB',null,null,null,null,null,null,null,1681,null,1721);
INSERT INTO "KORREKSJON"."KORREKSJON" (ID,KORREKSJON_TYPE,BESTILLINGSNUMMER,BESTILLINGSDATO,CREATED_AT,CREATED_BY_USER,STATUS,DEBET_ACCOUNT,CREDIT_ACCOUNT,AMOUNT,OPPRINNELIG_DATO,CAUSE,FRITEKST,GEBYR_BANKREGNUMMER,ARKIVREF,BLANKETTNUMMER,SOURCE,BEST_STATUS_PATH,BUNTNUMMER,KID,TRANSTEKST,NIBE_BUS_KODE,NIBE_ALC_KODE,BELOP_KREDIT_SUMPOST,ORIGINAL_ID,FORRIGE_ID,NESTE_ID) VALUES (1682,'Korreksjon','000453',{ts '2011-01-06 00:00:00.0'},{ts '2011-01-06 10:09:25.598'},'krj','Klar til verifisering','78770813815','60030586886',1260,{ts '2010-07-20 00:00:00.0'},'Overføring','Korreksjon',null,'*99000453','6448222063','KORREKSJON_WEB',null,null,null,null,null,null,null,1682,null,1722);
INSERT INTO "KORREKSJON"."KORREKSJON" (ID,KORREKSJON_TYPE,BESTILLINGSNUMMER,BESTILLINGSDATO,CREATED_AT,CREATED_BY_USER,STATUS,DEBET_ACCOUNT,CREDIT_ACCOUNT,AMOUNT,OPPRINNELIG_DATO,CAUSE,FRITEKST,GEBYR_BANKREGNUMMER,ARKIVREF,BLANKETTNUMMER,SOURCE,BEST_STATUS_PATH,BUNTNUMMER,KID,TRANSTEKST,NIBE_BUS_KODE,NIBE_ALC_KODE,BELOP_KREDIT_SUMPOST,ORIGINAL_ID,FORRIGE_ID,NESTE_ID) VALUES (1683,'Korreksjon','000454',{ts '2011-01-06 00:00:00.0'},{ts '2011-01-06 10:11:16.246'},'krj','Klar til verifisering','60030586886','47501762926',5000,{ts '2010-09-23 00:00:00.0'},'Overføring','Korreksjon',null,'*99000454','6199808323','KORREKSJON_WEB',null,null,null,null,null,null,null,1683,null,1725);
INSERT INTO "KORREKSJON"."KORREKSJON" (ID,KORREKSJON_TYPE,BESTILLINGSNUMMER,BESTILLINGSDATO,CREATED_AT,CREATED_BY_USER,STATUS,DEBET_ACCOUNT,CREDIT_ACCOUNT,AMOUNT,OPPRINNELIG_DATO,CAUSE,FRITEKST,GEBYR_BANKREGNUMMER,ARKIVREF,BLANKETTNUMMER,SOURCE,BEST_STATUS_PATH,BUNTNUMMER,KID,TRANSTEKST,NIBE_BUS_KODE,NIBE_ALC_KODE,BELOP_KREDIT_SUMPOST,ORIGINAL_ID,FORRIGE_ID,NESTE_ID) VALUES (1684,'Korreksjon','000455',{ts '2011-01-06 00:00:00.0'},{ts '2011-01-06 10:11:59.895'},'krj','Klar til verifisering','47501768126','60030586886',5000,{ts '2010-09-23 00:00:00.0'},'Overføring','Korreksjon',null,'*99000455','6199808323','KORREKSJON_WEB',null,null,null,null,null,null,null,1684,null,1726);
INSERT INTO "KORREKSJON"."KORREKSJON" (ID,KORREKSJON_TYPE,BESTILLINGSNUMMER,BESTILLINGSDATO,CREATED_AT,CREATED_BY_USER,STATUS,DEBET_ACCOUNT,CREDIT_ACCOUNT,AMOUNT,OPPRINNELIG_DATO,CAUSE,FRITEKST,GEBYR_BANKREGNUMMER,ARKIVREF,BLANKETTNUMMER,SOURCE,BEST_STATUS_PATH,BUNTNUMMER,KID,TRANSTEKST,NIBE_BUS_KODE,NIBE_ALC_KODE,BELOP_KREDIT_SUMPOST,ORIGINAL_ID,FORRIGE_ID,NESTE_ID) VALUES (1685,'Korreksjon','000456',{ts '2011-01-06 00:00:00.0'},{ts '2011-01-06 10:12:54.153'},'krj','Klar til verifisering','47501768126','60030586886',5000,{ts '2010-09-23 00:00:00.0'},'Overføring','Korreksjon',null,'*99000456','6199808323','KORREKSJON_WEB',null,null,null,null,null,null,null,1685,null,1727);
INSERT INTO "KORREKSJON"."KORREKSJON" (ID,KORREKSJON_TYPE,BESTILLINGSNUMMER,BESTILLINGSDATO,CREATED_AT,CREATED_BY_USER,STATUS,DEBET_ACCOUNT,CREDIT_ACCOUNT,AMOUNT,OPPRINNELIG_DATO,CAUSE,FRITEKST,GEBYR_BANKREGNUMMER,ARKIVREF,BLANKETTNUMMER,SOURCE,BEST_STATUS_PATH,BUNTNUMMER,KID,TRANSTEKST,NIBE_BUS_KODE,NIBE_ALC_KODE,BELOP_KREDIT_SUMPOST,ORIGINAL_ID,FORRIGE_ID,NESTE_ID) VALUES (1686,'Korreksjon','000457',{ts '2011-01-06 00:00:00.0'},{ts '2011-01-06 10:13:42.308'},'krj','Klar til verifisering','60030586886','54701059983',3300,{ts '2010-07-23 00:00:00.0'},'Overføring','Korreksjon',null,'*99000457','6199840892','KORREKSJON_WEB',null,null,null,null,null,null,null,1686,null,1723);
INSERT INTO "KORREKSJON"."KORREKSJON" (ID,KORREKSJON_TYPE,BESTILLINGSNUMMER,BESTILLINGSDATO,CREATED_AT,CREATED_BY_USER,STATUS,DEBET_ACCOUNT,CREDIT_ACCOUNT,AMOUNT,OPPRINNELIG_DATO,CAUSE,FRITEKST,GEBYR_BANKREGNUMMER,ARKIVREF,BLANKETTNUMMER,SOURCE,BEST_STATUS_PATH,BUNTNUMMER,KID,TRANSTEKST,NIBE_BUS_KODE,NIBE_ALC_KODE,BELOP_KREDIT_SUMPOST,ORIGINAL_ID,FORRIGE_ID,NESTE_ID) VALUES (1687,'Korreksjon','000458',{ts '2011-01-06 00:00:00.0'},{ts '2011-01-06 10:14:32.675'},'krj','Klar til verifisering','84201059983','60030586886',3300,{ts '2010-07-23 00:00:00.0'},'Overføring','Korreksjon',null,'*99000458','6199840892','KORREKSJON_WEB',null,null,null,null,null,null,null,1687,null,1724);
INSERT INTO "KORREKSJON"."KORREKSJON" (ID,KORREKSJON_TYPE,BESTILLINGSNUMMER,BESTILLINGSDATO,CREATED_AT,CREATED_BY_USER,STATUS,DEBET_ACCOUNT,CREDIT_ACCOUNT,AMOUNT,OPPRINNELIG_DATO,CAUSE,FRITEKST,GEBYR_BANKREGNUMMER,ARKIVREF,BLANKETTNUMMER,SOURCE,BEST_STATUS_PATH,BUNTNUMMER,KID,TRANSTEKST,NIBE_BUS_KODE,NIBE_ALC_KODE,BELOP_KREDIT_SUMPOST,ORIGINAL_ID,FORRIGE_ID,NESTE_ID) VALUES (1701,'Korreksjon','000451',{ts '2011-01-06 00:00:00.0'},{ts '2011-01-07 00:03:34.178'},'batch','Ferdigbehandlet','42801329920','60030586886',400,{ts '2010-12-15 00:00:00.0'},'Overføring','Korreksjon',null,'*99000451','6097376664','KORREKSJON_WEB',null,null,null,null,null,null,null,1653,1662,null);
INSERT INTO "KORREKSJON"."KORREKSJON" (ID,KORREKSJON_TYPE,BESTILLINGSNUMMER,BESTILLINGSDATO,CREATED_AT,CREATED_BY_USER,STATUS,DEBET_ACCOUNT,CREDIT_ACCOUNT,AMOUNT,OPPRINNELIG_DATO,CAUSE,FRITEKST,GEBYR_BANKREGNUMMER,ARKIVREF,BLANKETTNUMMER,SOURCE,BEST_STATUS_PATH,BUNTNUMMER,KID,TRANSTEKST,NIBE_BUS_KODE,NIBE_ALC_KODE,BELOP_KREDIT_SUMPOST,ORIGINAL_ID,FORRIGE_ID,NESTE_ID) VALUES (1702,'Korreksjon','000441',{ts '2011-01-06 00:00:00.0'},{ts '2011-01-07 00:03:34.213'},'batch','Ferdigbehandlet','39320503888','60030586886',4500,{ts '2010-11-22 00:00:00.0'},'Overføring','Korreksjon',null,'*99000441','6278841386','KORREKSJON_WEB',null,null,null,null,null,null,null,1643,1664,null);
INSERT INTO "KORREKSJON"."KORREKSJON" (ID,KORREKSJON_TYPE,BESTILLINGSNUMMER,BESTILLINGSDATO,CREATED_AT,CREATED_BY_USER,STATUS,DEBET_ACCOUNT,CREDIT_ACCOUNT,AMOUNT,OPPRINNELIG_DATO,CAUSE,FRITEKST,GEBYR_BANKREGNUMMER,ARKIVREF,BLANKETTNUMMER,SOURCE,BEST_STATUS_PATH,BUNTNUMMER,KID,TRANSTEKST,NIBE_BUS_KODE,NIBE_ALC_KODE,BELOP_KREDIT_SUMPOST,ORIGINAL_ID,FORRIGE_ID,NESTE_ID) VALUES (1703,'Korreksjon','000450',{ts '2011-01-06 00:00:00.0'},{ts '2011-01-07 00:03:34.231'},'batch','Ferdigbehandlet','94811064909','94811041909',340,{ts '2011-01-03 00:00:00.0'},'Overføring','Korreksjon',null,'*99000450','6096190375','KORREKSJON_WEB',null,null,null,null,null,null,null,1652,1668,null);
INSERT INTO "KORREKSJON"."KORREKSJON" (ID,KORREKSJON_TYPE,BESTILLINGSNUMMER,BESTILLINGSDATO,CREATED_AT,CREATED_BY_USER,STATUS,DEBET_ACCOUNT,CREDIT_ACCOUNT,AMOUNT,OPPRINNELIG_DATO,CAUSE,FRITEKST,GEBYR_BANKREGNUMMER,ARKIVREF,BLANKETTNUMMER,SOURCE,BEST_STATUS_PATH,BUNTNUMMER,KID,TRANSTEKST,NIBE_BUS_KODE,NIBE_ALC_KODE,BELOP_KREDIT_SUMPOST,ORIGINAL_ID,FORRIGE_ID,NESTE_ID) VALUES (1704,'Korreksjon','000447',{ts '2011-01-06 00:00:00.0'},{ts '2011-01-07 00:03:34.247'},'batch','Ferdigbehandlet','60030586886','73621014282',2750,{ts '2010-12-17 00:00:00.0'},'Overføring','Korreksjon',null,'*99000447','6448559937','KORREKSJON_WEB',null,null,null,null,null,null,null,1649,1663,null);
INSERT INTO "KORREKSJON"."KORREKSJON" (ID,KORREKSJON_TYPE,BESTILLINGSNUMMER,BESTILLINGSDATO,CREATED_AT,CREATED_BY_USER,STATUS,DEBET_ACCOUNT,CREDIT_ACCOUNT,AMOUNT,OPPRINNELIG_DATO,CAUSE,FRITEKST,GEBYR_BANKREGNUMMER,ARKIVREF,BLANKETTNUMMER,SOURCE,BEST_STATUS_PATH,BUNTNUMMER,KID,TRANSTEKST,NIBE_BUS_KODE,NIBE_ALC_KODE,BELOP_KREDIT_SUMPOST,ORIGINAL_ID,FORRIGE_ID,NESTE_ID) VALUES (1705,'Korreksjon','000443',{ts '2011-01-06 00:00:00.0'},{ts '2011-01-07 00:03:34.262'},'batch','Ferdigbehandlet','60030586886','71761037506',2000,{ts '2010-12-01 00:00:00.0'},'Overføring','Korreksjon',null,'*99000443','6515334552','KORREKSJON_WEB',null,null,null,null,null,null,null,1645,1656,null);
INSERT INTO "KORREKSJON"."KORREKSJON" (ID,KORREKSJON_TYPE,BESTILLINGSNUMMER,BESTILLINGSDATO,CREATED_AT,CREATED_BY_USER,STATUS,DEBET_ACCOUNT,CREDIT_ACCOUNT,AMOUNT,OPPRINNELIG_DATO,CAUSE,FRITEKST,GEBYR_BANKREGNUMMER,ARKIVREF,BLANKETTNUMMER,SOURCE,BEST_STATUS_PATH,BUNTNUMMER,KID,TRANSTEKST,NIBE_BUS_KODE,NIBE_ALC_KODE,BELOP_KREDIT_SUMPOST,ORIGINAL_ID,FORRIGE_ID,NESTE_ID) VALUES (1706,'Korreksjon','000442',{ts '2011-01-06 00:00:00.0'},{ts '2011-01-07 00:03:34.278'},'batch','Ferdigbehandlet','60030586886','39320503888',9500,{ts '2010-11-22 00:00:00.0'},'Overføring','Korreksjon',null,'*99000442','6278841386','KORREKSJON_WEB',null,null,null,null,null,null,null,1644,1665,null);
INSERT INTO "KORREKSJON"."KORREKSJON" (ID,KORREKSJON_TYPE,BESTILLINGSNUMMER,BESTILLINGSDATO,CREATED_AT,CREATED_BY_USER,STATUS,DEBET_ACCOUNT,CREDIT_ACCOUNT,AMOUNT,OPPRINNELIG_DATO,CAUSE,FRITEKST,GEBYR_BANKREGNUMMER,ARKIVREF,BLANKETTNUMMER,SOURCE,BEST_STATUS_PATH,BUNTNUMMER,KID,TRANSTEKST,NIBE_BUS_KODE,NIBE_ALC_KODE,BELOP_KREDIT_SUMPOST,ORIGINAL_ID,FORRIGE_ID,NESTE_ID) VALUES (1707,'Korreksjon','000445',{ts '2011-01-06 00:00:00.0'},{ts '2011-01-07 00:03:34.295'},'batch','Ferdigbehandlet','49101315869','39000507850',12.71,{ts '2010-12-31 00:00:00.0'},'Overføring','Korreksjon',null,'*99000445','6190297927','KORREKSJON_WEB',null,null,null,null,null,null,null,1647,1666,null);
INSERT INTO "KORREKSJON"."KORREKSJON" (ID,KORREKSJON_TYPE,BESTILLINGSNUMMER,BESTILLINGSDATO,CREATED_AT,CREATED_BY_USER,STATUS,DEBET_ACCOUNT,CREDIT_ACCOUNT,AMOUNT,OPPRINNELIG_DATO,CAUSE,FRITEKST,GEBYR_BANKREGNUMMER,ARKIVREF,BLANKETTNUMMER,SOURCE,BEST_STATUS_PATH,BUNTNUMMER,KID,TRANSTEKST,NIBE_BUS_KODE,NIBE_ALC_KODE,BELOP_KREDIT_SUMPOST,ORIGINAL_ID,FORRIGE_ID,NESTE_ID) VALUES (1708,'Korreksjon','000449',{ts '2011-01-06 00:00:00.0'},{ts '2011-01-07 00:03:34.313'},'batch','Ferdigbehandlet','60030586886','70580642037',1000,{ts '2010-05-03 00:00:00.0'},'Overføring','Korreksjon',null,'*99000449','6508011121','KORREKSJON_WEB',null,null,null,null,null,null,null,1651,1654,null);
INSERT INTO "KORREKSJON"."KORREKSJON" (ID,KORREKSJON_TYPE,BESTILLINGSNUMMER,BESTILLINGSDATO,CREATED_AT,CREATED_BY_USER,STATUS,DEBET_ACCOUNT,CREDIT_ACCOUNT,AMOUNT,OPPRINNELIG_DATO,CAUSE,FRITEKST,GEBYR_BANKREGNUMMER,ARKIVREF,BLANKETTNUMMER,SOURCE,BEST_STATUS_PATH,BUNTNUMMER,KID,TRANSTEKST,NIBE_BUS_KODE,NIBE_ALC_KODE,BELOP_KREDIT_SUMPOST,ORIGINAL_ID,FORRIGE_ID,NESTE_ID) VALUES (1709,'Korreksjon','000446',{ts '2011-01-06 00:00:00.0'},{ts '2011-01-07 00:03:34.334'},'batch','Ferdigbehandlet','39000507850','49101315869',1111271,{ts '2010-12-31 00:00:00.0'},'Overføring','Korreksjon',null,'*99000446','6190297927','KORREKSJON_WEB',null,null,null,null,null,null,null,1648,1667,null);
INSERT INTO "KORREKSJON"."KORREKSJON" (ID,KORREKSJON_TYPE,BESTILLINGSNUMMER,BESTILLINGSDATO,CREATED_AT,CREATED_BY_USER,STATUS,DEBET_ACCOUNT,CREDIT_ACCOUNT,AMOUNT,OPPRINNELIG_DATO,CAUSE,FRITEKST,GEBYR_BANKREGNUMMER,ARKIVREF,BLANKETTNUMMER,SOURCE,BEST_STATUS_PATH,BUNTNUMMER,KID,TRANSTEKST,NIBE_BUS_KODE,NIBE_ALC_KODE,BELOP_KREDIT_SUMPOST,ORIGINAL_ID,FORRIGE_ID,NESTE_ID) VALUES (1710,'Korreksjon','000444',{ts '2011-01-06 00:00:00.0'},{ts '2011-01-07 00:03:34.351'},'batch','Ferdigbehandlet','60030586886','90080500954',1900,{ts '2010-12-13 00:00:00.0'},'Overføring','Korreksjon',null,'*99000444','6043153132','KORREKSJON_WEB',null,null,null,null,null,null,null,1646,1657,null);
INSERT INTO "KORREKSJON"."KORREKSJON" (ID,KORREKSJON_TYPE,BESTILLINGSNUMMER,BESTILLINGSDATO,CREATED_AT,CREATED_BY_USER,STATUS,DEBET_ACCOUNT,CREDIT_ACCOUNT,AMOUNT,OPPRINNELIG_DATO,CAUSE,FRITEKST,GEBYR_BANKREGNUMMER,ARKIVREF,BLANKETTNUMMER,SOURCE,BEST_STATUS_PATH,BUNTNUMMER,KID,TRANSTEKST,NIBE_BUS_KODE,NIBE_ALC_KODE,BELOP_KREDIT_SUMPOST,ORIGINAL_ID,FORRIGE_ID,NESTE_ID) VALUES (1711,'Korreksjon','000448',{ts '2011-01-06 00:00:00.0'},{ts '2011-01-07 00:03:34.398'},'batch','Ferdigbehandlet','60030586886','20203301880',78577,{ts '2010-11-26 00:00:00.0'},'Overføring','Korreksjon',null,'*99000448','6095823518','KORREKSJON_WEB',null,null,null,null,null,null,null,1650,1655,null);
INSERT INTO "KORREKSJON"."KORREKSJON" (ID,KORREKSJON_TYPE,BESTILLINGSNUMMER,BESTILLINGSDATO,CREATED_AT,CREATED_BY_USER,STATUS,DEBET_ACCOUNT,CREDIT_ACCOUNT,AMOUNT,OPPRINNELIG_DATO,CAUSE,FRITEKST,GEBYR_BANKREGNUMMER,ARKIVREF,BLANKETTNUMMER,SOURCE,BEST_STATUS_PATH,BUNTNUMMER,KID,TRANSTEKST,NIBE_BUS_KODE,NIBE_ALC_KODE,BELOP_KREDIT_SUMPOST,ORIGINAL_ID,FORRIGE_ID,NESTE_ID) VALUES (1712,'Korreksjon','000440',{ts '2011-01-06 00:00:00.0'},{ts '2011-01-07 00:03:34.418'},'batch','Ferdigbehandlet','82006697379','60030586886',200000,{ts '2010-12-15 00:00:00.0'},'Overføring','Korreksjon',null,'*99000440','6278007972','KORREKSJON_WEB',null,null,null,null,null,null,null,1642,1661,null);
INSERT INTO "KORREKSJON"."KORREKSJON" (ID,KORREKSJON_TYPE,BESTILLINGSNUMMER,BESTILLINGSDATO,CREATED_AT,CREATED_BY_USER,STATUS,DEBET_ACCOUNT,CREDIT_ACCOUNT,AMOUNT,OPPRINNELIG_DATO,CAUSE,FRITEKST,GEBYR_BANKREGNUMMER,ARKIVREF,BLANKETTNUMMER,SOURCE,BEST_STATUS_PATH,BUNTNUMMER,KID,TRANSTEKST,NIBE_BUS_KODE,NIBE_ALC_KODE,BELOP_KREDIT_SUMPOST,ORIGINAL_ID,FORRIGE_ID,NESTE_ID) VALUES (1721,'Korreksjon','000452',{ts '2011-01-06 00:00:00.0'},{ts '2011-01-07 09:51:51.931'},'jrn','Korrigert','60030586886','78770813645',1260,{ts '2010-07-20 00:00:00.0'},'Overføring','Korreksjon',null,'*99000452','6448222063','KORREKSJON_WEB',null,null,null,null,null,null,null,1681,1681,1746);
INSERT INTO "KORREKSJON"."KORREKSJON" (ID,KORREKSJON_TYPE,BESTILLINGSNUMMER,BESTILLINGSDATO,CREATED_AT,CREATED_BY_USER,STATUS,DEBET_ACCOUNT,CREDIT_ACCOUNT,AMOUNT,OPPRINNELIG_DATO,CAUSE,FRITEKST,GEBYR_BANKREGNUMMER,ARKIVREF,BLANKETTNUMMER,SOURCE,BEST_STATUS_PATH,BUNTNUMMER,KID,TRANSTEKST,NIBE_BUS_KODE,NIBE_ALC_KODE,BELOP_KREDIT_SUMPOST,ORIGINAL_ID,FORRIGE_ID,NESTE_ID) VALUES (1722,'Korreksjon','000453',{ts '2011-01-06 00:00:00.0'},{ts '2011-01-07 09:53:11.764'},'jrn','Korrigert','78770813815','60030586886',1260,{ts '2010-07-20 00:00:00.0'},'Overføring','Korreksjon',null,'*99000453','6448222063','KORREKSJON_WEB',null,null,null,null,null,null,null,1682,1682,1742);
INSERT INTO "KORREKSJON"."KORREKSJON" (ID,KORREKSJON_TYPE,BESTILLINGSNUMMER,BESTILLINGSDATO,CREATED_AT,CREATED_BY_USER,STATUS,DEBET_ACCOUNT,CREDIT_ACCOUNT,AMOUNT,OPPRINNELIG_DATO,CAUSE,FRITEKST,GEBYR_BANKREGNUMMER,ARKIVREF,BLANKETTNUMMER,SOURCE,BEST_STATUS_PATH,BUNTNUMMER,KID,TRANSTEKST,NIBE_BUS_KODE,NIBE_ALC_KODE,BELOP_KREDIT_SUMPOST,ORIGINAL_ID,FORRIGE_ID,NESTE_ID) VALUES (1723,'Korreksjon','000457',{ts '2011-01-06 00:00:00.0'},{ts '2011-01-07 09:53:38.909'},'jrn','Korrigert','60030586886','54701059983',3300,{ts '2010-07-23 00:00:00.0'},'Overføring','Korreksjon',null,'*99000457','6199840892','KORREKSJON_WEB',null,null,null,null,null,null,null,1686,1686,1741);
INSERT INTO "KORREKSJON"."KORREKSJON" (ID,KORREKSJON_TYPE,BESTILLINGSNUMMER,BESTILLINGSDATO,CREATED_AT,CREATED_BY_USER,STATUS,DEBET_ACCOUNT,CREDIT_ACCOUNT,AMOUNT,OPPRINNELIG_DATO,CAUSE,FRITEKST,GEBYR_BANKREGNUMMER,ARKIVREF,BLANKETTNUMMER,SOURCE,BEST_STATUS_PATH,BUNTNUMMER,KID,TRANSTEKST,NIBE_BUS_KODE,NIBE_ALC_KODE,BELOP_KREDIT_SUMPOST,ORIGINAL_ID,FORRIGE_ID,NESTE_ID) VALUES (1724,'Korreksjon','000458',{ts '2011-01-06 00:00:00.0'},{ts '2011-01-07 09:54:15.714'},'jrn','Korrigert','84201059983','60030586886',3300,{ts '2010-07-23 00:00:00.0'},'Overføring','Korreksjon',null,'*99000458','6199840892','KORREKSJON_WEB',null,null,null,null,null,null,null,1687,1687,1744);
INSERT INTO "KORREKSJON"."KORREKSJON" (ID,KORREKSJON_TYPE,BESTILLINGSNUMMER,BESTILLINGSDATO,CREATED_AT,CREATED_BY_USER,STATUS,DEBET_ACCOUNT,CREDIT_ACCOUNT,AMOUNT,OPPRINNELIG_DATO,CAUSE,FRITEKST,GEBYR_BANKREGNUMMER,ARKIVREF,BLANKETTNUMMER,SOURCE,BEST_STATUS_PATH,BUNTNUMMER,KID,TRANSTEKST,NIBE_BUS_KODE,NIBE_ALC_KODE,BELOP_KREDIT_SUMPOST,ORIGINAL_ID,FORRIGE_ID,NESTE_ID) VALUES (1725,'Korreksjon','000454',{ts '2011-01-06 00:00:00.0'},{ts '2011-01-07 09:54:27.240'},'jrn','Korrigert','60030586886','47501762926',5000,{ts '2010-09-23 00:00:00.0'},'Overføring','Korreksjon',null,'*99000454','6199808323','KORREKSJON_WEB',null,null,null,null,null,null,null,1683,1683,1745);
INSERT INTO "KORREKSJON"."KORREKSJON" (ID,KORREKSJON_TYPE,BESTILLINGSNUMMER,BESTILLINGSDATO,CREATED_AT,CREATED_BY_USER,STATUS,DEBET_ACCOUNT,CREDIT_ACCOUNT,AMOUNT,OPPRINNELIG_DATO,CAUSE,FRITEKST,GEBYR_BANKREGNUMMER,ARKIVREF,BLANKETTNUMMER,SOURCE,BEST_STATUS_PATH,BUNTNUMMER,KID,TRANSTEKST,NIBE_BUS_KODE,NIBE_ALC_KODE,BELOP_KREDIT_SUMPOST,ORIGINAL_ID,FORRIGE_ID,NESTE_ID) VALUES (1726,'Korreksjon','000455',{ts '2011-01-06 00:00:00.0'},{ts '2011-01-07 09:54:40.614'},'jrn','Korrigert','47501768126','60030586886',5000,{ts '2010-09-23 00:00:00.0'},'Overføring','Korreksjon',null,'*99000455','6199808323','KORREKSJON_WEB',null,null,null,null,null,null,null,1684,1684,1747);
INSERT INTO "KORREKSJON"."KORREKSJON" (ID,KORREKSJON_TYPE,BESTILLINGSNUMMER,BESTILLINGSDATO,CREATED_AT,CREATED_BY_USER,STATUS,DEBET_ACCOUNT,CREDIT_ACCOUNT,AMOUNT,OPPRINNELIG_DATO,CAUSE,FRITEKST,GEBYR_BANKREGNUMMER,ARKIVREF,BLANKETTNUMMER,SOURCE,BEST_STATUS_PATH,BUNTNUMMER,KID,TRANSTEKST,NIBE_BUS_KODE,NIBE_ALC_KODE,BELOP_KREDIT_SUMPOST,ORIGINAL_ID,FORRIGE_ID,NESTE_ID) VALUES (1727,'Korreksjon','000456',{ts '2011-01-06 00:00:00.0'},{ts '2011-01-07 09:54:50.738'},'jrn','Korrigert','47501768126','60030586886',5000,{ts '2010-09-23 00:00:00.0'},'Overføring','Korreksjon',null,'*99000456','6199808323','KORREKSJON_WEB',null,null,null,null,null,null,null,1685,1685,1743);
INSERT INTO "KORREKSJON"."KORREKSJON" (ID,KORREKSJON_TYPE,BESTILLINGSNUMMER,BESTILLINGSDATO,CREATED_AT,CREATED_BY_USER,STATUS,DEBET_ACCOUNT,CREDIT_ACCOUNT,AMOUNT,OPPRINNELIG_DATO,CAUSE,FRITEKST,GEBYR_BANKREGNUMMER,ARKIVREF,BLANKETTNUMMER,SOURCE,BEST_STATUS_PATH,BUNTNUMMER,KID,TRANSTEKST,NIBE_BUS_KODE,NIBE_ALC_KODE,BELOP_KREDIT_SUMPOST,ORIGINAL_ID,FORRIGE_ID,NESTE_ID) VALUES (1741,'Korreksjon','000457',{ts '2011-01-06 00:00:00.0'},{ts '2011-01-10 00:03:37.968'},'batch','Ferdigbehandlet','60030586886','54701059983',3300,{ts '2010-07-23 00:00:00.0'},'Overføring','Korreksjon',null,'*99000457','6199840892','KORREKSJON_WEB',null,null,null,null,null,null,null,1686,1723,null);
INSERT INTO "KORREKSJON"."KORREKSJON" (ID,KORREKSJON_TYPE,BESTILLINGSNUMMER,BESTILLINGSDATO,CREATED_AT,CREATED_BY_USER,STATUS,DEBET_ACCOUNT,CREDIT_ACCOUNT,AMOUNT,OPPRINNELIG_DATO,CAUSE,FRITEKST,GEBYR_BANKREGNUMMER,ARKIVREF,BLANKETTNUMMER,SOURCE,BEST_STATUS_PATH,BUNTNUMMER,KID,TRANSTEKST,NIBE_BUS_KODE,NIBE_ALC_KODE,BELOP_KREDIT_SUMPOST,ORIGINAL_ID,FORRIGE_ID,NESTE_ID) VALUES (1742,'Korreksjon','000453',{ts '2011-01-06 00:00:00.0'},{ts '2011-01-10 00:03:37.992'},'batch','Ferdigbehandlet','78770813815','60030586886',1260,{ts '2010-07-20 00:00:00.0'},'Overføring','Korreksjon',null,'*99000453','6448222063','KORREKSJON_WEB',null,null,null,null,null,null,null,1682,1722,null);
INSERT INTO "KORREKSJON"."KORREKSJON" (ID,KORREKSJON_TYPE,BESTILLINGSNUMMER,BESTILLINGSDATO,CREATED_AT,CREATED_BY_USER,STATUS,DEBET_ACCOUNT,CREDIT_ACCOUNT,AMOUNT,OPPRINNELIG_DATO,CAUSE,FRITEKST,GEBYR_BANKREGNUMMER,ARKIVREF,BLANKETTNUMMER,SOURCE,BEST_STATUS_PATH,BUNTNUMMER,KID,TRANSTEKST,NIBE_BUS_KODE,NIBE_ALC_KODE,BELOP_KREDIT_SUMPOST,ORIGINAL_ID,FORRIGE_ID,NESTE_ID) VALUES (1743,'Korreksjon','000456',{ts '2011-01-06 00:00:00.0'},{ts '2011-01-10 00:03:38.100'},'batch','Ferdigbehandlet','47501768126','60030586886',5000,{ts '2010-09-23 00:00:00.0'},'Overføring','Korreksjon',null,'*99000456','6199808323','KORREKSJON_WEB',null,null,null,null,null,null,null,1685,1727,null);
INSERT INTO "KORREKSJON"."KORREKSJON" (ID,KORREKSJON_TYPE,BESTILLINGSNUMMER,BESTILLINGSDATO,CREATED_AT,CREATED_BY_USER,STATUS,DEBET_ACCOUNT,CREDIT_ACCOUNT,AMOUNT,OPPRINNELIG_DATO,CAUSE,FRITEKST,GEBYR_BANKREGNUMMER,ARKIVREF,BLANKETTNUMMER,SOURCE,BEST_STATUS_PATH,BUNTNUMMER,KID,TRANSTEKST,NIBE_BUS_KODE,NIBE_ALC_KODE,BELOP_KREDIT_SUMPOST,ORIGINAL_ID,FORRIGE_ID,NESTE_ID) VALUES (1744,'Korreksjon','000458',{ts '2011-01-06 00:00:00.0'},{ts '2011-01-10 00:03:38.300'},'batch','Ferdigbehandlet','84201059983','60030586886',3300,{ts '2010-07-23 00:00:00.0'},'Overføring','Korreksjon',null,'*99000458','6199840892','KORREKSJON_WEB',null,null,null,null,null,null,null,1687,1724,null);
INSERT INTO "KORREKSJON"."KORREKSJON" (ID,KORREKSJON_TYPE,BESTILLINGSNUMMER,BESTILLINGSDATO,CREATED_AT,CREATED_BY_USER,STATUS,DEBET_ACCOUNT,CREDIT_ACCOUNT,AMOUNT,OPPRINNELIG_DATO,CAUSE,FRITEKST,GEBYR_BANKREGNUMMER,ARKIVREF,BLANKETTNUMMER,SOURCE,BEST_STATUS_PATH,BUNTNUMMER,KID,TRANSTEKST,NIBE_BUS_KODE,NIBE_ALC_KODE,BELOP_KREDIT_SUMPOST,ORIGINAL_ID,FORRIGE_ID,NESTE_ID) VALUES (1745,'Korreksjon','000454',{ts '2011-01-06 00:00:00.0'},{ts '2011-01-10 00:03:38.470'},'batch','Ferdigbehandlet','60030586886','47501762926',5000,{ts '2010-09-23 00:00:00.0'},'Overføring','Korreksjon',null,'*99000454','6199808323','KORREKSJON_WEB',null,null,null,null,null,null,null,1683,1725,null);
INSERT INTO "KORREKSJON"."KORREKSJON" (ID,KORREKSJON_TYPE,BESTILLINGSNUMMER,BESTILLINGSDATO,CREATED_AT,CREATED_BY_USER,STATUS,DEBET_ACCOUNT,CREDIT_ACCOUNT,AMOUNT,OPPRINNELIG_DATO,CAUSE,FRITEKST,GEBYR_BANKREGNUMMER,ARKIVREF,BLANKETTNUMMER,SOURCE,BEST_STATUS_PATH,BUNTNUMMER,KID,TRANSTEKST,NIBE_BUS_KODE,NIBE_ALC_KODE,BELOP_KREDIT_SUMPOST,ORIGINAL_ID,FORRIGE_ID,NESTE_ID) VALUES (1746,'Korreksjon','000452',{ts '2011-01-06 00:00:00.0'},{ts '2011-01-10 00:03:38.740'},'batch','Ferdigbehandlet','60030586886','78770813645',1260,{ts '2010-07-20 00:00:00.0'},'Overføring','Korreksjon',null,'*99000452','6448222063','KORREKSJON_WEB',null,null,null,null,null,null,null,1681,1721,null);
INSERT INTO "KORREKSJON"."KORREKSJON" (ID,KORREKSJON_TYPE,BESTILLINGSNUMMER,BESTILLINGSDATO,CREATED_AT,CREATED_BY_USER,STATUS,DEBET_ACCOUNT,CREDIT_ACCOUNT,AMOUNT,OPPRINNELIG_DATO,CAUSE,FRITEKST,GEBYR_BANKREGNUMMER,ARKIVREF,BLANKETTNUMMER,SOURCE,BEST_STATUS_PATH,BUNTNUMMER,KID,TRANSTEKST,NIBE_BUS_KODE,NIBE_ALC_KODE,BELOP_KREDIT_SUMPOST,ORIGINAL_ID,FORRIGE_ID,NESTE_ID) VALUES (1747,'Korreksjon','000455',{ts '2011-01-06 00:00:00.0'},{ts '2011-01-10 00:03:38.920'},'batch','Ferdigbehandlet','47501768126','60030586886',5000,{ts '2010-09-23 00:00:00.0'},'Overføring','Korreksjon',null,'*99000455','6199808323','KORREKSJON_WEB',null,null,null,null,null,null,null,1684,1726,null);
INSERT INTO "KORREKSJON"."KORREKSJON" (ID,KORREKSJON_TYPE,BESTILLINGSNUMMER,BESTILLINGSDATO,CREATED_AT,CREATED_BY_USER,STATUS,DEBET_ACCOUNT,CREDIT_ACCOUNT,AMOUNT,OPPRINNELIG_DATO,CAUSE,FRITEKST,GEBYR_BANKREGNUMMER,ARKIVREF,BLANKETTNUMMER,SOURCE,BEST_STATUS_PATH,BUNTNUMMER,KID,TRANSTEKST,NIBE_BUS_KODE,NIBE_ALC_KODE,BELOP_KREDIT_SUMPOST,ORIGINAL_ID,FORRIGE_ID,NESTE_ID) VALUES (1761,'Korreksjon','000459',{ts '2011-01-10 00:00:00.0'},{ts '2011-01-10 11:14:22.720'},'krj','Klar til verifisering','70010511168','10501312121',100.01,{ts '2011-01-03 00:00:00.0'},'Overføring','Korreksjon',null,'*99000459','6100000001','KORREKSJON_WEB',null,null,null,null,null,null,null,1761,null,1765);
INSERT INTO "KORREKSJON"."KORREKSJON" (ID,KORREKSJON_TYPE,BESTILLINGSNUMMER,BESTILLINGSDATO,CREATED_AT,CREATED_BY_USER,STATUS,DEBET_ACCOUNT,CREDIT_ACCOUNT,AMOUNT,OPPRINNELIG_DATO,CAUSE,FRITEKST,GEBYR_BANKREGNUMMER,ARKIVREF,BLANKETTNUMMER,SOURCE,BEST_STATUS_PATH,BUNTNUMMER,KID,TRANSTEKST,NIBE_BUS_KODE,NIBE_ALC_KODE,BELOP_KREDIT_SUMPOST,ORIGINAL_ID,FORRIGE_ID,NESTE_ID) VALUES (1762,'Korreksjon','000460',{ts '2011-01-10 00:00:00.0'},{ts '2011-01-10 11:15:08.960'},'krj','Klar til verifisering','70010511168','45341088880',100.02,{ts '2011-01-06 00:00:00.0'},'Overføring','Korreksjon To like debetoverføringer ! + æå',null,'*99000460','6100000002','KORREKSJON_WEB',null,null,null,null,null,null,null,1762,null,1768);
INSERT INTO "KORREKSJON"."KORREKSJON" (ID,KORREKSJON_TYPE,BESTILLINGSNUMMER,BESTILLINGSDATO,CREATED_AT,CREATED_BY_USER,STATUS,DEBET_ACCOUNT,CREDIT_ACCOUNT,AMOUNT,OPPRINNELIG_DATO,CAUSE,FRITEKST,GEBYR_BANKREGNUMMER,ARKIVREF,BLANKETTNUMMER,SOURCE,BEST_STATUS_PATH,BUNTNUMMER,KID,TRANSTEKST,NIBE_BUS_KODE,NIBE_ALC_KODE,BELOP_KREDIT_SUMPOST,ORIGINAL_ID,FORRIGE_ID,NESTE_ID) VALUES (1763,'Korreksjon','000461',{ts '2011-01-10 00:00:00.0'},{ts '2011-01-10 11:16:15.215'},'krj','Klar til verifisering','70010511117','32270598691',10000000000,{ts '2011-01-05 00:00:00.0'},'Overføring','Korreksjon',null,'*99000461','6100000005','KORREKSJON_WEB',null,null,null,null,null,null,null,1763,null,1767);
INSERT INTO "KORREKSJON"."KORREKSJON" (ID,KORREKSJON_TYPE,BESTILLINGSNUMMER,BESTILLINGSDATO,CREATED_AT,CREATED_BY_USER,STATUS,DEBET_ACCOUNT,CREDIT_ACCOUNT,AMOUNT,OPPRINNELIG_DATO,CAUSE,FRITEKST,GEBYR_BANKREGNUMMER,ARKIVREF,BLANKETTNUMMER,SOURCE,BEST_STATUS_PATH,BUNTNUMMER,KID,TRANSTEKST,NIBE_BUS_KODE,NIBE_ALC_KODE,BELOP_KREDIT_SUMPOST,ORIGINAL_ID,FORRIGE_ID,NESTE_ID) VALUES (1764,'Korreksjon','000462',{ts '2011-01-10 00:00:00.0'},{ts '2011-01-10 11:21:57.535'},'krj','Klar til verifisering','47143333333','05403026680',1000,{ts '2011-01-04 00:00:00.0'},'Overføring','Korreksjon',null,'*99000462','6100000008','KORREKSJON_WEB',null,null,null,null,null,null,null,1764,null,1766);
INSERT INTO "KORREKSJON"."KORREKSJON" (ID,KORREKSJON_TYPE,BESTILLINGSNUMMER,BESTILLINGSDATO,CREATED_AT,CREATED_BY_USER,STATUS,DEBET_ACCOUNT,CREDIT_ACCOUNT,AMOUNT,OPPRINNELIG_DATO,CAUSE,FRITEKST,GEBYR_BANKREGNUMMER,ARKIVREF,BLANKETTNUMMER,SOURCE,BEST_STATUS_PATH,BUNTNUMMER,KID,TRANSTEKST,NIBE_BUS_KODE,NIBE_ALC_KODE,BELOP_KREDIT_SUMPOST,ORIGINAL_ID,FORRIGE_ID,NESTE_ID) VALUES (1765,'Korreksjon','000459',{ts '2011-01-10 00:00:00.0'},{ts '2011-01-10 11:22:08.110'},'krj','Slettet','70010511168','10501312121',100.01,{ts '2011-01-03 00:00:00.0'},'Overføring','Korreksjon',null,'*99000459','6100000001','KORREKSJON_WEB',null,null,null,null,null,null,null,1761,1761,null);
INSERT INTO "KORREKSJON"."KORREKSJON" (ID,KORREKSJON_TYPE,BESTILLINGSNUMMER,BESTILLINGSDATO,CREATED_AT,CREATED_BY_USER,STATUS,DEBET_ACCOUNT,CREDIT_ACCOUNT,AMOUNT,OPPRINNELIG_DATO,CAUSE,FRITEKST,GEBYR_BANKREGNUMMER,ARKIVREF,BLANKETTNUMMER,SOURCE,BEST_STATUS_PATH,BUNTNUMMER,KID,TRANSTEKST,NIBE_BUS_KODE,NIBE_ALC_KODE,BELOP_KREDIT_SUMPOST,ORIGINAL_ID,FORRIGE_ID,NESTE_ID) VALUES (1766,'Korreksjon','000462',{ts '2011-01-10 00:00:00.0'},{ts '2011-01-10 11:23:45.640'},'jrn','Korrigert','47143333333','05403026680',1000,{ts '2011-01-04 00:00:00.0'},'Overføring','Korreksjon',null,'*99000462','6100000008','KORREKSJON_WEB',null,null,null,null,null,null,null,1764,1764,1781);
INSERT INTO "KORREKSJON"."KORREKSJON" (ID,KORREKSJON_TYPE,BESTILLINGSNUMMER,BESTILLINGSDATO,CREATED_AT,CREATED_BY_USER,STATUS,DEBET_ACCOUNT,CREDIT_ACCOUNT,AMOUNT,OPPRINNELIG_DATO,CAUSE,FRITEKST,GEBYR_BANKREGNUMMER,ARKIVREF,BLANKETTNUMMER,SOURCE,BEST_STATUS_PATH,BUNTNUMMER,KID,TRANSTEKST,NIBE_BUS_KODE,NIBE_ALC_KODE,BELOP_KREDIT_SUMPOST,ORIGINAL_ID,FORRIGE_ID,NESTE_ID) VALUES (1767,'Korreksjon','000461',{ts '2011-01-10 00:00:00.0'},{ts '2011-01-10 11:24:16.734'},'jrn','Korrigert','70010511117','32270598691',10000000000,{ts '2011-01-05 00:00:00.0'},'Overføring','Korreksjon',null,'*99000461','6100000005','KORREKSJON_WEB',null,null,null,null,null,null,null,1763,1763,1782);
INSERT INTO "KORREKSJON"."KORREKSJON" (ID,KORREKSJON_TYPE,BESTILLINGSNUMMER,BESTILLINGSDATO,CREATED_AT,CREATED_BY_USER,STATUS,DEBET_ACCOUNT,CREDIT_ACCOUNT,AMOUNT,OPPRINNELIG_DATO,CAUSE,FRITEKST,GEBYR_BANKREGNUMMER,ARKIVREF,BLANKETTNUMMER,SOURCE,BEST_STATUS_PATH,BUNTNUMMER,KID,TRANSTEKST,NIBE_BUS_KODE,NIBE_ALC_KODE,BELOP_KREDIT_SUMPOST,ORIGINAL_ID,FORRIGE_ID,NESTE_ID) VALUES (1768,'Korreksjon','000460',{ts '2011-01-10 00:00:00.0'},{ts '2011-01-10 11:24:31.544'},'jrn','Korrigert','70010511168','45341088880',100.02,{ts '2011-01-06 00:00:00.0'},'Overføring','Korreksjon To like debetoverføringer ! + æå',null,'*99000460','6100000002','KORREKSJON_WEB',null,null,null,null,null,null,null,1762,1762,1783);
INSERT INTO "KORREKSJON"."KORREKSJON" (ID,KORREKSJON_TYPE,BESTILLINGSNUMMER,BESTILLINGSDATO,CREATED_AT,CREATED_BY_USER,STATUS,DEBET_ACCOUNT,CREDIT_ACCOUNT,AMOUNT,OPPRINNELIG_DATO,CAUSE,FRITEKST,GEBYR_BANKREGNUMMER,ARKIVREF,BLANKETTNUMMER,SOURCE,BEST_STATUS_PATH,BUNTNUMMER,KID,TRANSTEKST,NIBE_BUS_KODE,NIBE_ALC_KODE,BELOP_KREDIT_SUMPOST,ORIGINAL_ID,FORRIGE_ID,NESTE_ID) VALUES (1781,'Korreksjon','000462',{ts '2011-01-10 00:00:00.0'},{ts '2011-01-12 00:03:36.860'},'batch','Ferdigbehandlet','47143333333','05403026680',1000,{ts '2011-01-04 00:00:00.0'},'Overføring','Korreksjon',null,'*99000462','6100000008','KORREKSJON_WEB',null,null,null,null,null,null,null,1764,1766,null);
INSERT INTO "KORREKSJON"."KORREKSJON" (ID,KORREKSJON_TYPE,BESTILLINGSNUMMER,BESTILLINGSDATO,CREATED_AT,CREATED_BY_USER,STATUS,DEBET_ACCOUNT,CREDIT_ACCOUNT,AMOUNT,OPPRINNELIG_DATO,CAUSE,FRITEKST,GEBYR_BANKREGNUMMER,ARKIVREF,BLANKETTNUMMER,SOURCE,BEST_STATUS_PATH,BUNTNUMMER,KID,TRANSTEKST,NIBE_BUS_KODE,NIBE_ALC_KODE,BELOP_KREDIT_SUMPOST,ORIGINAL_ID,FORRIGE_ID,NESTE_ID) VALUES (1782,'Korreksjon','000461',{ts '2011-01-10 00:00:00.0'},{ts '2011-01-12 00:03:36.118'},'batch','Ferdigbehandlet','70010511117','32270598691',10000000000,{ts '2011-01-05 00:00:00.0'},'Overføring','Korreksjon',null,'*99000461','6100000005','KORREKSJON_WEB',null,null,null,null,null,null,null,1763,1767,null);
INSERT INTO "KORREKSJON"."KORREKSJON" (ID,KORREKSJON_TYPE,BESTILLINGSNUMMER,BESTILLINGSDATO,CREATED_AT,CREATED_BY_USER,STATUS,DEBET_ACCOUNT,CREDIT_ACCOUNT,AMOUNT,OPPRINNELIG_DATO,CAUSE,FRITEKST,GEBYR_BANKREGNUMMER,ARKIVREF,BLANKETTNUMMER,SOURCE,BEST_STATUS_PATH,BUNTNUMMER,KID,TRANSTEKST,NIBE_BUS_KODE,NIBE_ALC_KODE,BELOP_KREDIT_SUMPOST,ORIGINAL_ID,FORRIGE_ID,NESTE_ID) VALUES (1783,'Korreksjon','000460',{ts '2011-01-10 00:00:00.0'},{ts '2011-01-12 00:03:36.146'},'batch','Ferdigbehandlet','70010511168','45341088880',100.02,{ts '2011-01-06 00:00:00.0'},'Overføring','Korreksjon To like debetoverføringer ! + æå',null,'*99000460','6100000002','KORREKSJON_WEB',null,null,null,null,null,null,null,1762,1768,null);
INSERT INTO "KORREKSJON"."KORREKSJON" (ID,KORREKSJON_TYPE,BESTILLINGSNUMMER,BESTILLINGSDATO,CREATED_AT,CREATED_BY_USER,STATUS,DEBET_ACCOUNT,CREDIT_ACCOUNT,AMOUNT,OPPRINNELIG_DATO,CAUSE,FRITEKST,GEBYR_BANKREGNUMMER,ARKIVREF,BLANKETTNUMMER,SOURCE,BEST_STATUS_PATH,BUNTNUMMER,KID,TRANSTEKST,NIBE_BUS_KODE,NIBE_ALC_KODE,BELOP_KREDIT_SUMPOST,ORIGINAL_ID,FORRIGE_ID,NESTE_ID) VALUES (1801,'Korreksjon','000463',{ts '2011-01-20 00:00:00.0'},{ts '2011-01-20 08:35:39.450'},'jrn','Klar til verifisering','13101628889','10501312121',100.1,{ts '2011-01-19 00:00:00.0'},'Overføring','Korreksjon',null,'*99000463','6011111111','KORREKSJON_WEB',null,null,null,null,null,null,null,1801,null,null);
INSERT INTO "KORREKSJON"."KORREKSJON" (ID,KORREKSJON_TYPE,BESTILLINGSNUMMER,BESTILLINGSDATO,CREATED_AT,CREATED_BY_USER,STATUS,DEBET_ACCOUNT,CREDIT_ACCOUNT,AMOUNT,OPPRINNELIG_DATO,CAUSE,FRITEKST,GEBYR_BANKREGNUMMER,ARKIVREF,BLANKETTNUMMER,SOURCE,BEST_STATUS_PATH,BUNTNUMMER,KID,TRANSTEKST,NIBE_BUS_KODE,NIBE_ALC_KODE,BELOP_KREDIT_SUMPOST,ORIGINAL_ID,FORRIGE_ID,NESTE_ID) VALUES (1821,'Korreksjon','000464',{ts '2011-01-24 00:00:00.0'},{ts '2011-01-24 10:50:39.107'},'abl','Klar til verifisering','10501312121','05403026680',700,{ts '2011-01-21 00:00:00.0'},'Overføring','Korreksjon',null,'*99000464','6000000009','KORREKSJON_WEB',null,null,null,null,null,null,null,1821,null,null);
INSERT INTO "KORREKSJON"."KORREKSJON" (ID,KORREKSJON_TYPE,BESTILLINGSNUMMER,BESTILLINGSDATO,CREATED_AT,CREATED_BY_USER,STATUS,DEBET_ACCOUNT,CREDIT_ACCOUNT,AMOUNT,OPPRINNELIG_DATO,CAUSE,FRITEKST,GEBYR_BANKREGNUMMER,ARKIVREF,BLANKETTNUMMER,SOURCE,BEST_STATUS_PATH,BUNTNUMMER,KID,TRANSTEKST,NIBE_BUS_KODE,NIBE_ALC_KODE,BELOP_KREDIT_SUMPOST,ORIGINAL_ID,FORRIGE_ID,NESTE_ID) VALUES (1841,'Korreksjon','000465',{ts '2011-01-24 00:00:00.0'},{ts '2011-01-24 12:53:10.304'},'abl','Klar til verifisering','10501312121','61050747599',10.1,{ts '2011-01-21 00:00:00.0'},'Overføring','Korreksjon',null,'*99000465','6011111111','KORREKSJON_WEB',null,null,null,null,null,null,null,1841,null,null);
INSERT INTO "KORREKSJON"."KORREKSJON" (ID,KORREKSJON_TYPE,BESTILLINGSNUMMER,BESTILLINGSDATO,CREATED_AT,CREATED_BY_USER,STATUS,DEBET_ACCOUNT,CREDIT_ACCOUNT,AMOUNT,OPPRINNELIG_DATO,CAUSE,FRITEKST,GEBYR_BANKREGNUMMER,ARKIVREF,BLANKETTNUMMER,SOURCE,BEST_STATUS_PATH,BUNTNUMMER,KID,TRANSTEKST,NIBE_BUS_KODE,NIBE_ALC_KODE,BELOP_KREDIT_SUMPOST,ORIGINAL_ID,FORRIGE_ID,NESTE_ID) VALUES (1861,'Korreksjon','000466',{ts '2011-02-01 00:00:00.0'},{ts '2011-02-01 12:00:19.119'},'jrn','Klar til verifisering','10501312121','70010511168',100,{ts '2011-02-01 00:00:00.0'},'Overføring','Korreksjon',null,'*99000466','6100000007','KORREKSJON_WEB',null,null,null,null,null,null,null,1861,null,null);
INSERT INTO "KORREKSJON"."KORREKSJON" (ID,KORREKSJON_TYPE,BESTILLINGSNUMMER,BESTILLINGSDATO,CREATED_AT,CREATED_BY_USER,STATUS,DEBET_ACCOUNT,CREDIT_ACCOUNT,AMOUNT,OPPRINNELIG_DATO,CAUSE,FRITEKST,GEBYR_BANKREGNUMMER,ARKIVREF,BLANKETTNUMMER,SOURCE,BEST_STATUS_PATH,BUNTNUMMER,KID,TRANSTEKST,NIBE_BUS_KODE,NIBE_ALC_KODE,BELOP_KREDIT_SUMPOST,ORIGINAL_ID,FORRIGE_ID,NESTE_ID) VALUES (1921,'Bestilling','211635',{ts '2011-02-02 00:00:00.0'},{ts '2011-02-03 14:25:25.752'},'krj','Klar','42001721733','05400447596',590,{ts '2011-01-19 00:00:00.0'},'Kredit','Bestilling 1',null,'*97111719','6509697717','BESTILLINGSDB','/bestilling/korreksjon/211635/status','420038371',null,'LARS VIKEN GARTNERI','500','006',null,1921,null,null);
INSERT INTO "KORREKSJON"."KORREKSJON" (ID,KORREKSJON_TYPE,BESTILLINGSNUMMER,BESTILLINGSDATO,CREATED_AT,CREATED_BY_USER,STATUS,DEBET_ACCOUNT,CREDIT_ACCOUNT,AMOUNT,OPPRINNELIG_DATO,CAUSE,FRITEKST,GEBYR_BANKREGNUMMER,ARKIVREF,BLANKETTNUMMER,SOURCE,BEST_STATUS_PATH,BUNTNUMMER,KID,TRANSTEKST,NIBE_BUS_KODE,NIBE_ALC_KODE,BELOP_KREDIT_SUMPOST,ORIGINAL_ID,FORRIGE_ID,NESTE_ID) VALUES (1922,'Bestilling','211636',{ts '2011-02-02 00:00:00.0'},{ts '2011-02-03 14:25:26.670'},'krj','Klar','05309791179','91811900457',590,{ts '2011-01-19 00:00:00.0'},'Bel?','bestilling bel?',null,'*97104180','6045477452','BESTILLINGSDB','/bestilling/korreksjon/211636/status','053038219',null,'null','500','006',null,1922,null,1941);
INSERT INTO "KORREKSJON"."KORREKSJON" (ID,KORREKSJON_TYPE,BESTILLINGSNUMMER,BESTILLINGSDATO,CREATED_AT,CREATED_BY_USER,STATUS,DEBET_ACCOUNT,CREDIT_ACCOUNT,AMOUNT,OPPRINNELIG_DATO,CAUSE,FRITEKST,GEBYR_BANKREGNUMMER,ARKIVREF,BLANKETTNUMMER,SOURCE,BEST_STATUS_PATH,BUNTNUMMER,KID,TRANSTEKST,NIBE_BUS_KODE,NIBE_ALC_KODE,BELOP_KREDIT_SUMPOST,ORIGINAL_ID,FORRIGE_ID,NESTE_ID) VALUES (1923,'Bestilling','211637',{ts '2011-02-02 00:00:00.0'},{ts '2011-02-03 14:25:26.265'},'krj','Klar','24401111413','94910507138',590,{ts '2011-01-19 00:00:00.0'},'Debet',null,null,'*97093856','7631223769','BESTILLINGSDB','/bestilling/korreksjon/211637/status','244038358',null,'FARRIS SPORTSKYTTERE LARVIK','500','006',null,1923,null,1981);
INSERT INTO "KORREKSJON"."KORREKSJON" (ID,KORREKSJON_TYPE,BESTILLINGSNUMMER,BESTILLINGSDATO,CREATED_AT,CREATED_BY_USER,STATUS,DEBET_ACCOUNT,CREDIT_ACCOUNT,AMOUNT,OPPRINNELIG_DATO,CAUSE,FRITEKST,GEBYR_BANKREGNUMMER,ARKIVREF,BLANKETTNUMMER,SOURCE,BEST_STATUS_PATH,BUNTNUMMER,KID,TRANSTEKST,NIBE_BUS_KODE,NIBE_ALC_KODE,BELOP_KREDIT_SUMPOST,ORIGINAL_ID,FORRIGE_ID,NESTE_ID) VALUES (1924,'Bestilling','211638',{ts '2011-02-02 00:00:00.0'},{ts '2011-02-03 14:25:26.462'},'krj','Klar','64101000352','86011176129',590,{ts '2011-01-19 00:00:00.0'},'Feil bank','bestilling feil bank',null,'*97090002','6441297959','BESTILLINGSDB','/bestilling/korreksjon/211638/status','641038117',null,'ANNIE KARIN BIRGITTA AASLY','500','006',null,1924,null,null);
INSERT INTO "KORREKSJON"."KORREKSJON" (ID,KORREKSJON_TYPE,BESTILLINGSNUMMER,BESTILLINGSDATO,CREATED_AT,CREATED_BY_USER,STATUS,DEBET_ACCOUNT,CREDIT_ACCOUNT,AMOUNT,OPPRINNELIG_DATO,CAUSE,FRITEKST,GEBYR_BANKREGNUMMER,ARKIVREF,BLANKETTNUMMER,SOURCE,BEST_STATUS_PATH,BUNTNUMMER,KID,TRANSTEKST,NIBE_BUS_KODE,NIBE_ALC_KODE,BELOP_KREDIT_SUMPOST,ORIGINAL_ID,FORRIGE_ID,NESTE_ID) VALUES (1925,'Bestilling','211639',{ts '2011-02-02 00:00:00.0'},{ts '2011-02-03 14:25:26.684'},'krj','Klar','71121051634','83860497851',590,{ts '2011-01-19 00:00:00.0'},'Dobb.reg.','best dobbelt reg',null,'*97087031','6889357065','BESTILLINGSDB','/bestilling/korreksjon/211639/status','711238206',null,'null','500','006',null,1925,null,null);
INSERT INTO "KORREKSJON"."KORREKSJON" (ID,KORREKSJON_TYPE,BESTILLINGSNUMMER,BESTILLINGSDATO,CREATED_AT,CREATED_BY_USER,STATUS,DEBET_ACCOUNT,CREDIT_ACCOUNT,AMOUNT,OPPRINNELIG_DATO,CAUSE,FRITEKST,GEBYR_BANKREGNUMMER,ARKIVREF,BLANKETTNUMMER,SOURCE,BEST_STATUS_PATH,BUNTNUMMER,KID,TRANSTEKST,NIBE_BUS_KODE,NIBE_ALC_KODE,BELOP_KREDIT_SUMPOST,ORIGINAL_ID,FORRIGE_ID,NESTE_ID) VALUES (1926,'Bestilling','211640',{ts '2011-02-02 00:00:00.0'},{ts '2011-02-03 14:25:26.862'},'krj','Klar','05406211217','86011176129',590,{ts '2011-01-19 00:00:00.0'},'Annet','Best annet',null,'*97089938','6441297960','BESTILLINGSDB','/bestilling/korreksjon/211640/status','054038202',null,'ANNIE KARIN BIRGITTA AASLY','500','006',null,1926,null,1961);
INSERT INTO "KORREKSJON"."KORREKSJON" (ID,KORREKSJON_TYPE,BESTILLINGSNUMMER,BESTILLINGSDATO,CREATED_AT,CREATED_BY_USER,STATUS,DEBET_ACCOUNT,CREDIT_ACCOUNT,AMOUNT,OPPRINNELIG_DATO,CAUSE,FRITEKST,GEBYR_BANKREGNUMMER,ARKIVREF,BLANKETTNUMMER,SOURCE,BEST_STATUS_PATH,BUNTNUMMER,KID,TRANSTEKST,NIBE_BUS_KODE,NIBE_ALC_KODE,BELOP_KREDIT_SUMPOST,ORIGINAL_ID,FORRIGE_ID,NESTE_ID) VALUES (1941,'Bestilling','211636',{ts '2011-02-02 00:00:00.0'},{ts '2011-02-04 09:39:50.752'},'jrn','Slettet','05309791179','91811900457',590,{ts '2011-01-19 00:00:00.0'},'Bel?','bestilling bel?',null,'*97104180','6045477452','BESTILLINGSDB','/bestilling/korreksjon/211636/status','053038219',null,'null','500','006',null,1922,1922,null);
INSERT INTO "KORREKSJON"."KORREKSJON" (ID,KORREKSJON_TYPE,BESTILLINGSNUMMER,BESTILLINGSDATO,CREATED_AT,CREATED_BY_USER,STATUS,DEBET_ACCOUNT,CREDIT_ACCOUNT,AMOUNT,OPPRINNELIG_DATO,CAUSE,FRITEKST,GEBYR_BANKREGNUMMER,ARKIVREF,BLANKETTNUMMER,SOURCE,BEST_STATUS_PATH,BUNTNUMMER,KID,TRANSTEKST,NIBE_BUS_KODE,NIBE_ALC_KODE,BELOP_KREDIT_SUMPOST,ORIGINAL_ID,FORRIGE_ID,NESTE_ID) VALUES (1961,'Bestilling','211640',{ts '2011-02-02 00:00:00.0'},{ts '2011-02-04 09:57:33.528'},'jrn','Slettet','05406211217','86011176129',590,{ts '2011-01-19 00:00:00.0'},'Annet','Best annet',null,'*97089938','6441297960','BESTILLINGSDB','/bestilling/korreksjon/211640/status','054038202',null,'ANNIE KARIN BIRGITTA AASLY','500','006',null,1926,1926,null);
INSERT INTO "KORREKSJON"."KORREKSJON" (ID,KORREKSJON_TYPE,BESTILLINGSNUMMER,BESTILLINGSDATO,CREATED_AT,CREATED_BY_USER,STATUS,DEBET_ACCOUNT,CREDIT_ACCOUNT,AMOUNT,OPPRINNELIG_DATO,CAUSE,FRITEKST,GEBYR_BANKREGNUMMER,ARKIVREF,BLANKETTNUMMER,SOURCE,BEST_STATUS_PATH,BUNTNUMMER,KID,TRANSTEKST,NIBE_BUS_KODE,NIBE_ALC_KODE,BELOP_KREDIT_SUMPOST,ORIGINAL_ID,FORRIGE_ID,NESTE_ID) VALUES (1981,'Bestilling','211637',{ts '2011-02-02 00:00:00.0'},{ts '2011-02-04 10:06:19.342'},'jrn','Slettet','24401111413','94910507138',590,{ts '2011-01-19 00:00:00.0'},'Debet',null,null,'*97093856','7631223769','BESTILLINGSDB','/bestilling/korreksjon/211637/status','244038358',null,'FARRIS SPORTSKYTTERE LARVIK','500','006',null,1923,1923,null);

INSERT INTO "KORREKSJON"."PERSISTENT_PROPERTY" (KEY,VALUE,SERVER) VALUES ('asazPolicyServerName1','hm-ppsm-2-pub','all');
INSERT INTO "KORREKSJON"."PERSISTENT_PROPERTY" (KEY,VALUE,SERVER) VALUES ('asazPolicyServerName2','r5-ppsm-2-pub','all');
INSERT INTO "KORREKSJON"."PERSISTENT_PROPERTY" (KEY,VALUE,SERVER) VALUES ('authenticationEnvironment','SITEMINDER','all');
INSERT INTO "KORREKSJON"."PERSISTENT_PROPERTY" (KEY,VALUE,SERVER) VALUES ('bbsonlineBestillingServer','http://vm-ppapp-17-ops:30392/bestilling/korreksjon/ubehandlede','all');
INSERT INTO "KORREKSJON"."PERSISTENT_PROPERTY" (KEY,VALUE,SERVER) VALUES ('nibe.intervalFrequency','2','all');
INSERT INTO "KORREKSJON"."PERSISTENT_PROPERTY" (KEY,VALUE,SERVER) VALUES ('nibe.intervalStart','00:00','all');
INSERT INTO "KORREKSJON"."PERSISTENT_PROPERTY" (KEY,VALUE,SERVER) VALUES ('nibe.intervalStop','23:59','all');
INSERT INTO "KORREKSJON"."PERSISTENT_PROPERTY" (KEY,VALUE,SERVER) VALUES ('nibeadapterDestinationUrl','x-catssh://adapt.ssh@tbbsg-ppa-vip//G/adap02/nankorin','all');
INSERT INTO "KORREKSJON"."PERSISTENT_PROPERTY" (KEY,VALUE,SERVER) VALUES ('testconfiguration.bestillingService','false',null);
INSERT INTO "KORREKSJON"."PERSISTENT_PROPERTY" (KEY,VALUE,SERVER) VALUES ('testconfiguration.nibe','true','all');




INSERT INTO "KORREKSJON"."SCHEMA_VERSION" (VERSION,MIGRATION_DATE) VALUES (1,{ts '2010-09-07 14:48:18.0'});
INSERT INTO "KORREKSJON"."SCHEMA_VERSION" (VERSION,MIGRATION_DATE) VALUES (2,{ts '2010-09-08 11:05:53.0'});
INSERT INTO "KORREKSJON"."SCHEMA_VERSION" (VERSION,MIGRATION_DATE) VALUES (3,{ts '2010-09-22 13:15:49.0'});
INSERT INTO "KORREKSJON"."SCHEMA_VERSION" (VERSION,MIGRATION_DATE) VALUES (4,{ts '2010-10-20 14:23:19.0'});
INSERT INTO "KORREKSJON"."SCHEMA_VERSION" (VERSION,MIGRATION_DATE) VALUES (5,{ts '2010-10-28 11:52:58.0'});
INSERT INTO "KORREKSJON"."SCHEMA_VERSION" (VERSION,MIGRATION_DATE) VALUES (6,{ts '2010-10-29 13:00:00.0'});
INSERT INTO "KORREKSJON"."SCHEMA_VERSION" (VERSION,MIGRATION_DATE) VALUES (7,{ts '2010-10-29 14:00:00.0'});
INSERT INTO "KORREKSJON"."SCHEMA_VERSION" (VERSION,MIGRATION_DATE) VALUES (8,{ts '2010-11-26 14:32:26.0'});




INSERT INTO "KORREKSJON"."SEQUENCE_NUMBER" (SEQ_KEY,SEQ_NUMBER) VALUES ('KORREKSJON_BESTILLINGSNUMMER-20101201','7');
INSERT INTO "KORREKSJON"."SEQUENCE_NUMBER" (SEQ_KEY,SEQ_NUMBER) VALUES ('KORREKSJON_BESTILLINGSNUMMER-20101209','12');
INSERT INTO "KORREKSJON"."SEQUENCE_NUMBER" (SEQ_KEY,SEQ_NUMBER) VALUES ('KORREKSJON_BESTILLINGSNUMMER-20101210','7');




INSERT INTO "KORREKSJON"."STATUS" (ID,IDX,MESSAGE_CODE,MESSAGE_DETAIL_1,MESSAGE_DETAIL_2,MESSAGE_DETAIL_3,STATUS_HISTORY,STATUS_CODE,TIME_OCCURRED) VALUES (182182,0,'EXTERNAL_FILE_INFO','x-catssh://adapt.ssh@tbbsg-ppa-vip//G/adap02/nankorin','K1012722','0',181181,'KLAR',{ts '2010-12-10 00:04:51.761'});
INSERT INTO "KORREKSJON"."STATUS" (ID,IDX,MESSAGE_CODE,MESSAGE_DETAIL_1,MESSAGE_DETAIL_2,MESSAGE_DETAIL_3,STATUS_HISTORY,STATUS_CODE,TIME_OCCURRED) VALUES (202202,0,'EXTERNAL_FILE_INFO','x-catssh://adapt.ssh@tbbsg-ppa-vip//G/adap02/nankorin','K1512782','0',201201,'KLAR',{ts '2010-12-15 00:06:59.900'});
INSERT INTO "KORREKSJON"."STATUS" (ID,IDX,MESSAGE_CODE,MESSAGE_DETAIL_1,MESSAGE_DETAIL_2,MESSAGE_DETAIL_3,STATUS_HISTORY,STATUS_CODE,TIME_OCCURRED) VALUES (202203,0,'EXTERNAL_FILE_INFO','x-catssh://adapt.ssh@tbbsg-ppa-vip//G/adap02/nankorin','K1612802','0',201202,'KLAR',{ts '2010-12-16 00:06:47.737'});
INSERT INTO "KORREKSJON"."STATUS" (ID,IDX,MESSAGE_CODE,MESSAGE_DETAIL_1,MESSAGE_DETAIL_2,MESSAGE_DETAIL_3,STATUS_HISTORY,STATUS_CODE,TIME_OCCURRED) VALUES (222222,0,'EXTERNAL_FILE_INFO','x-catssh://adapt.ssh@tbbsg-ppa-vip//G/adap02/nankorin','K2012842','0',221221,'KLAR',{ts '2010-12-20 00:07:37.788'});
INSERT INTO "KORREKSJON"."STATUS" (ID,IDX,MESSAGE_CODE,MESSAGE_DETAIL_1,MESSAGE_DETAIL_2,MESSAGE_DETAIL_3,STATUS_HISTORY,STATUS_CODE,TIME_OCCURRED) VALUES (242242,0,'EXTERNAL_FILE_INFO','x-catssh://adapt.ssh@tbbsg-ppa-vip//G/adap02/nankorin','K2112862','0',241241,'KLAR',{ts '2010-12-21 00:00:57.993'});
INSERT INTO "KORREKSJON"."STATUS" (ID,IDX,MESSAGE_CODE,MESSAGE_DETAIL_1,MESSAGE_DETAIL_2,MESSAGE_DETAIL_3,STATUS_HISTORY,STATUS_CODE,TIME_OCCURRED) VALUES (262262,0,'EXTERNAL_FILE_INFO','x-catssh://adapt.ssh@tbbsg-ppa-vip//G/adap02/nankorin','K2312902','0',261261,'KLAR',{ts '2010-12-23 00:02:02.984'});
INSERT INTO "KORREKSJON"."STATUS" (ID,IDX,MESSAGE_CODE,MESSAGE_DETAIL_1,MESSAGE_DETAIL_2,MESSAGE_DETAIL_3,STATUS_HISTORY,STATUS_CODE,TIME_OCCURRED) VALUES (282282,0,'EXTERNAL_FILE_INFO','x-catssh://adapt.ssh@tbbsg-ppa-vip//G/adap02/nankorin','K0701102','0',281281,'KLAR',{ts '2011-01-07 00:03:31.941'});
INSERT INTO "KORREKSJON"."STATUS" (ID,IDX,MESSAGE_CODE,MESSAGE_DETAIL_1,MESSAGE_DETAIL_2,MESSAGE_DETAIL_3,STATUS_HISTORY,STATUS_CODE,TIME_OCCURRED) VALUES (282283,0,'EXTERNAL_FILE_INFO','x-catssh://adapt.ssh@tbbsg-ppa-vip//G/adap02/nankorin','K1001122','0',281282,'KLAR',{ts '2011-01-10 00:03:37.889'});
INSERT INTO "KORREKSJON"."STATUS" (ID,IDX,MESSAGE_CODE,MESSAGE_DETAIL_1,MESSAGE_DETAIL_2,MESSAGE_DETAIL_3,STATUS_HISTORY,STATUS_CODE,TIME_OCCURRED) VALUES (282284,0,'EXTERNAL_FILE_INFO','x-catssh://adapt.ssh@tbbsg-ppa-vip//G/adap02/nankorin','K1201162','0',281283,'KLAR',{ts '2011-01-12 00:03:36.360'});





INSERT INTO "KORREKSJON"."STATUS_HISTORY" (ID,ENTITY_KEY,ENTITY_CLASS,CURRENT_STATUS_EVENT) VALUES (181181,281,'no.bbs.domain.core.fil.Fil',1);
INSERT INTO "KORREKSJON"."STATUS_HISTORY" (ID,ENTITY_KEY,ENTITY_CLASS,CURRENT_STATUS_EVENT) VALUES (201201,301,'no.bbs.domain.core.fil.Fil',1);
INSERT INTO "KORREKSJON"."STATUS_HISTORY" (ID,ENTITY_KEY,ENTITY_CLASS,CURRENT_STATUS_EVENT) VALUES (201202,321,'no.bbs.domain.core.fil.Fil',1);
INSERT INTO "KORREKSJON"."STATUS_HISTORY" (ID,ENTITY_KEY,ENTITY_CLASS,CURRENT_STATUS_EVENT) VALUES (221221,341,'no.bbs.domain.core.fil.Fil',1);
INSERT INTO "KORREKSJON"."STATUS_HISTORY" (ID,ENTITY_KEY,ENTITY_CLASS,CURRENT_STATUS_EVENT) VALUES (241241,361,'no.bbs.domain.core.fil.Fil',1);
INSERT INTO "KORREKSJON"."STATUS_HISTORY" (ID,ENTITY_KEY,ENTITY_CLASS,CURRENT_STATUS_EVENT) VALUES (261261,381,'no.bbs.domain.core.fil.Fil',1);
INSERT INTO "KORREKSJON"."STATUS_HISTORY" (ID,ENTITY_KEY,ENTITY_CLASS,CURRENT_STATUS_EVENT) VALUES (281281,401,'no.bbs.domain.core.fil.Fil',1);
INSERT INTO "KORREKSJON"."STATUS_HISTORY" (ID,ENTITY_KEY,ENTITY_CLASS,CURRENT_STATUS_EVENT) VALUES (281282,421,'no.bbs.domain.core.fil.Fil',1);
INSERT INTO "KORREKSJON"."STATUS_HISTORY" (ID,ENTITY_KEY,ENTITY_CLASS,CURRENT_STATUS_EVENT) VALUES (281283,441,'no.bbs.domain.core.fil.Fil',1);






INSERT INTO "KORREKSJON"."STATUS_MESSAGE" (STATUS_ID,MESSAGE_CODE,DETAIL1,DETAIL2,DETAIL3,LINE_NUMBER) VALUES (182182,'EXTERNAL_FILE_INFO','x-catssh://adapt.ssh@tbbsg-ppa-vip//G/adap02/nankorin','K1012722','0',null);
INSERT INTO "KORREKSJON"."STATUS_MESSAGE" (STATUS_ID,MESSAGE_CODE,DETAIL1,DETAIL2,DETAIL3,LINE_NUMBER) VALUES (202202,'EXTERNAL_FILE_INFO','x-catssh://adapt.ssh@tbbsg-ppa-vip//G/adap02/nankorin','K1512782','0',null);
INSERT INTO "KORREKSJON"."STATUS_MESSAGE" (STATUS_ID,MESSAGE_CODE,DETAIL1,DETAIL2,DETAIL3,LINE_NUMBER) VALUES (202203,'EXTERNAL_FILE_INFO','x-catssh://adapt.ssh@tbbsg-ppa-vip//G/adap02/nankorin','K1612802','0',null);
INSERT INTO "KORREKSJON"."STATUS_MESSAGE" (STATUS_ID,MESSAGE_CODE,DETAIL1,DETAIL2,DETAIL3,LINE_NUMBER) VALUES (222222,'EXTERNAL_FILE_INFO','x-catssh://adapt.ssh@tbbsg-ppa-vip//G/adap02/nankorin','K2012842','0',null);
INSERT INTO "KORREKSJON"."STATUS_MESSAGE" (STATUS_ID,MESSAGE_CODE,DETAIL1,DETAIL2,DETAIL3,LINE_NUMBER) VALUES (242242,'EXTERNAL_FILE_INFO','x-catssh://adapt.ssh@tbbsg-ppa-vip//G/adap02/nankorin','K2112862','0',null);
INSERT INTO "KORREKSJON"."STATUS_MESSAGE" (STATUS_ID,MESSAGE_CODE,DETAIL1,DETAIL2,DETAIL3,LINE_NUMBER) VALUES (262262,'EXTERNAL_FILE_INFO','x-catssh://adapt.ssh@tbbsg-ppa-vip//G/adap02/nankorin','K2312902','0',null);
INSERT INTO "KORREKSJON"."STATUS_MESSAGE" (STATUS_ID,MESSAGE_CODE,DETAIL1,DETAIL2,DETAIL3,LINE_NUMBER) VALUES (282282,'EXTERNAL_FILE_INFO','x-catssh://adapt.ssh@tbbsg-ppa-vip//G/adap02/nankorin','K0701102','0',null);
INSERT INTO "KORREKSJON"."STATUS_MESSAGE" (STATUS_ID,MESSAGE_CODE,DETAIL1,DETAIL2,DETAIL3,LINE_NUMBER) VALUES (282283,'EXTERNAL_FILE_INFO','x-catssh://adapt.ssh@tbbsg-ppa-vip//G/adap02/nankorin','K1001122','0',null);
INSERT INTO "KORREKSJON"."STATUS_MESSAGE" (STATUS_ID,MESSAGE_CODE,DETAIL1,DETAIL2,DETAIL3,LINE_NUMBER) VALUES (282284,'EXTERNAL_FILE_INFO','x-catssh://adapt.ssh@tbbsg-ppa-vip//G/adap02/nankorin','K1201162','0',null);





INSERT INTO "KORREKSJON"."WORK_ITEM" (ID,ENTITY_ID_LONG_PART,ENTITY_ID_DISCRIMINATOR_PART,PROCESSING_STATE,CREATED_BY_SERVER_ID,PROCESSING_SERVER_ID,CREATED_TIME,START_TIME,FINISHED_TIME,EARLIEST_EXECUTION_TIME,THREAD_ID,ERROR_MESSAGE,NUMBER_OF_RETRIES,WORK_QUEUE,WORK_QUEUE_NAME,ENTITY_DESCRIPTION) VALUES (661,null,null,3,'vm-ppapp-5-pub.bbsas.no','vm-ppapp-5-pub.bbsas.no',{ts '2010-12-01 13:29:34.430'},{ts '2010-12-01 13:29:37.847'},{ts '2010-12-01 13:29:38.200'},null,null,null,0,1,'nibeManager','[null]');
INSERT INTO "KORREKSJON"."WORK_ITEM" (ID,ENTITY_ID_LONG_PART,ENTITY_ID_DISCRIMINATOR_PART,PROCESSING_STATE,CREATED_BY_SERVER_ID,PROCESSING_SERVER_ID,CREATED_TIME,START_TIME,FINISHED_TIME,EARLIEST_EXECUTION_TIME,THREAD_ID,ERROR_MESSAGE,NUMBER_OF_RETRIES,WORK_QUEUE,WORK_QUEUE_NAME,ENTITY_DESCRIPTION) VALUES (681,null,null,3,'vm-ppapp-5-pub.bbsas.no','vm-ppapp-5-pub.bbsas.no',{ts '2010-12-02 00:06:19.924'},{ts '2010-12-02 00:06:31.340'},{ts '2010-12-02 00:06:31.477'},null,null,null,0,1,'nibeManager','[null]');
INSERT INTO "KORREKSJON"."WORK_ITEM" (ID,ENTITY_ID_LONG_PART,ENTITY_ID_DISCRIMINATOR_PART,PROCESSING_STATE,CREATED_BY_SERVER_ID,PROCESSING_SERVER_ID,CREATED_TIME,START_TIME,FINISHED_TIME,EARLIEST_EXECUTION_TIME,THREAD_ID,ERROR_MESSAGE,NUMBER_OF_RETRIES,WORK_QUEUE,WORK_QUEUE_NAME,ENTITY_DESCRIPTION) VALUES (701,null,null,3,'vm-ppapp-5-pub.bbsas.no','vm-ppapp-5-pub.bbsas.no',{ts '2010-12-09 11:56:49.815'},{ts '2010-12-09 11:56:52.722'},{ts '2010-12-09 11:56:53.430'},null,null,null,0,1,'nibeManager','[null]');
INSERT INTO "KORREKSJON"."WORK_ITEM" (ID,ENTITY_ID_LONG_PART,ENTITY_ID_DISCRIMINATOR_PART,PROCESSING_STATE,CREATED_BY_SERVER_ID,PROCESSING_SERVER_ID,CREATED_TIME,START_TIME,FINISHED_TIME,EARLIEST_EXECUTION_TIME,THREAD_ID,ERROR_MESSAGE,NUMBER_OF_RETRIES,WORK_QUEUE,WORK_QUEUE_NAME,ENTITY_DESCRIPTION) VALUES (721,null,null,3,'vm-ppapp-5-pub.bbsas.no','vm-ppapp-5-pub.bbsas.no',{ts '2010-12-10 00:04:49.792'},{ts '2010-12-10 00:04:50.422'},{ts '2010-12-10 00:04:52.120'},null,null,null,0,1,'nibeManager','[null]');
INSERT INTO "KORREKSJON"."WORK_ITEM" (ID,ENTITY_ID_LONG_PART,ENTITY_ID_DISCRIMINATOR_PART,PROCESSING_STATE,CREATED_BY_SERVER_ID,PROCESSING_SERVER_ID,CREATED_TIME,START_TIME,FINISHED_TIME,EARLIEST_EXECUTION_TIME,THREAD_ID,ERROR_MESSAGE,NUMBER_OF_RETRIES,WORK_QUEUE,WORK_QUEUE_NAME,ENTITY_DESCRIPTION) VALUES (723,281,1000,3,'vm-ppapp-5-pub.bbsas.no','vm-ppapp-5-pub.bbsas.no',{ts '2010-12-10 00:04:52.420'},{ts '2010-12-10 00:05:05.630'},{ts '2010-12-10 00:05:06.783'},null,null,null,0,2,'nibeFilTransferService','FINPAY exchange from Korreksjon service');
INSERT INTO "KORREKSJON"."WORK_ITEM" (ID,ENTITY_ID_LONG_PART,ENTITY_ID_DISCRIMINATOR_PART,PROCESSING_STATE,CREATED_BY_SERVER_ID,PROCESSING_SERVER_ID,CREATED_TIME,START_TIME,FINISHED_TIME,EARLIEST_EXECUTION_TIME,THREAD_ID,ERROR_MESSAGE,NUMBER_OF_RETRIES,WORK_QUEUE,WORK_QUEUE_NAME,ENTITY_DESCRIPTION) VALUES (741,null,null,3,'vm-ppapp-5-pub.bbsas.no','vm-ppapp-5-pub.bbsas.no',{ts '2010-12-13 00:00:22.796'},{ts '2010-12-13 00:00:30.191'},{ts '2010-12-13 00:00:30.432'},null,null,null,0,1,'nibeManager','[null]');
INSERT INTO "KORREKSJON"."WORK_ITEM" (ID,ENTITY_ID_LONG_PART,ENTITY_ID_DISCRIMINATOR_PART,PROCESSING_STATE,CREATED_BY_SERVER_ID,PROCESSING_SERVER_ID,CREATED_TIME,START_TIME,FINISHED_TIME,EARLIEST_EXECUTION_TIME,THREAD_ID,ERROR_MESSAGE,NUMBER_OF_RETRIES,WORK_QUEUE,WORK_QUEUE_NAME,ENTITY_DESCRIPTION) VALUES (761,null,null,3,'vm-ppapp-5-pub.bbsas.no','vm-ppapp-5-pub.bbsas.no',{ts '2010-12-14 00:06:28.240'},{ts '2010-12-14 00:06:40.147'},{ts '2010-12-14 00:06:40.329'},null,null,null,0,1,'nibeManager','[null]');
INSERT INTO "KORREKSJON"."WORK_ITEM" (ID,ENTITY_ID_LONG_PART,ENTITY_ID_DISCRIMINATOR_PART,PROCESSING_STATE,CREATED_BY_SERVER_ID,PROCESSING_SERVER_ID,CREATED_TIME,START_TIME,FINISHED_TIME,EARLIEST_EXECUTION_TIME,THREAD_ID,ERROR_MESSAGE,NUMBER_OF_RETRIES,WORK_QUEUE,WORK_QUEUE_NAME,ENTITY_DESCRIPTION) VALUES (781,null,null,3,'vm-ppapp-5-pub.bbsas.no','vm-ppapp-5-pub.bbsas.no',{ts '2010-12-15 00:06:42.536'},{ts '2010-12-15 00:06:55.848'},{ts '2010-12-15 00:06:59.540'},null,null,null,0,1,'nibeManager','[null]');
INSERT INTO "KORREKSJON"."WORK_ITEM" (ID,ENTITY_ID_LONG_PART,ENTITY_ID_DISCRIMINATOR_PART,PROCESSING_STATE,CREATED_BY_SERVER_ID,PROCESSING_SERVER_ID,CREATED_TIME,START_TIME,FINISHED_TIME,EARLIEST_EXECUTION_TIME,THREAD_ID,ERROR_MESSAGE,NUMBER_OF_RETRIES,WORK_QUEUE,WORK_QUEUE_NAME,ENTITY_DESCRIPTION) VALUES (783,301,1000,3,'vm-ppapp-5-pub.bbsas.no','vm-ppapp-5-pub.bbsas.no',{ts '2010-12-15 00:06:59.497'},{ts '2010-12-15 00:07:11.740'},{ts '2010-12-15 00:07:12.988'},null,null,null,0,2,'nibeFilTransferService','FINPAY exchange from Korreksjon service');
INSERT INTO "KORREKSJON"."WORK_ITEM" (ID,ENTITY_ID_LONG_PART,ENTITY_ID_DISCRIMINATOR_PART,PROCESSING_STATE,CREATED_BY_SERVER_ID,PROCESSING_SERVER_ID,CREATED_TIME,START_TIME,FINISHED_TIME,EARLIEST_EXECUTION_TIME,THREAD_ID,ERROR_MESSAGE,NUMBER_OF_RETRIES,WORK_QUEUE,WORK_QUEUE_NAME,ENTITY_DESCRIPTION) VALUES (801,null,null,3,'vm-ppapp-5-pub.bbsas.no','vm-ppapp-5-pub.bbsas.no',{ts '2010-12-16 00:06:42.555'},{ts '2010-12-16 00:06:47.140'},{ts '2010-12-16 00:06:48.400'},null,null,null,0,1,'nibeManager','[null]');
INSERT INTO "KORREKSJON"."WORK_ITEM" (ID,ENTITY_ID_LONG_PART,ENTITY_ID_DISCRIMINATOR_PART,PROCESSING_STATE,CREATED_BY_SERVER_ID,PROCESSING_SERVER_ID,CREATED_TIME,START_TIME,FINISHED_TIME,EARLIEST_EXECUTION_TIME,THREAD_ID,ERROR_MESSAGE,NUMBER_OF_RETRIES,WORK_QUEUE,WORK_QUEUE_NAME,ENTITY_DESCRIPTION) VALUES (803,321,1000,3,'vm-ppapp-5-pub.bbsas.no','vm-ppapp-5-pub.bbsas.no',{ts '2010-12-16 00:06:47.969'},{ts '2010-12-16 00:07:02.352'},{ts '2010-12-16 00:07:03.782'},null,null,null,0,2,'nibeFilTransferService','FINPAY exchange from Korreksjon service');
INSERT INTO "KORREKSJON"."WORK_ITEM" (ID,ENTITY_ID_LONG_PART,ENTITY_ID_DISCRIMINATOR_PART,PROCESSING_STATE,CREATED_BY_SERVER_ID,PROCESSING_SERVER_ID,CREATED_TIME,START_TIME,FINISHED_TIME,EARLIEST_EXECUTION_TIME,THREAD_ID,ERROR_MESSAGE,NUMBER_OF_RETRIES,WORK_QUEUE,WORK_QUEUE_NAME,ENTITY_DESCRIPTION) VALUES (821,null,null,3,'vm-ppapp-5-pub.bbsas.no','vm-ppapp-5-pub.bbsas.no',{ts '2010-12-17 00:03:04.890'},{ts '2010-12-17 00:03:15.481'},{ts '2010-12-17 00:03:16.136'},null,null,null,0,1,'nibeManager','[null]');
INSERT INTO "KORREKSJON"."WORK_ITEM" (ID,ENTITY_ID_LONG_PART,ENTITY_ID_DISCRIMINATOR_PART,PROCESSING_STATE,CREATED_BY_SERVER_ID,PROCESSING_SERVER_ID,CREATED_TIME,START_TIME,FINISHED_TIME,EARLIEST_EXECUTION_TIME,THREAD_ID,ERROR_MESSAGE,NUMBER_OF_RETRIES,WORK_QUEUE,WORK_QUEUE_NAME,ENTITY_DESCRIPTION) VALUES (841,null,null,3,'vm-ppapp-5-pub.bbsas.no','vm-ppapp-5-pub.bbsas.no',{ts '2010-12-20 00:07:23.597'},{ts '2010-12-20 00:07:34.260'},{ts '2010-12-20 00:07:41.274'},null,null,null,0,1,'nibeManager','[null]');
INSERT INTO "KORREKSJON"."WORK_ITEM" (ID,ENTITY_ID_LONG_PART,ENTITY_ID_DISCRIMINATOR_PART,PROCESSING_STATE,CREATED_BY_SERVER_ID,PROCESSING_SERVER_ID,CREATED_TIME,START_TIME,FINISHED_TIME,EARLIEST_EXECUTION_TIME,THREAD_ID,ERROR_MESSAGE,NUMBER_OF_RETRIES,WORK_QUEUE,WORK_QUEUE_NAME,ENTITY_DESCRIPTION) VALUES (843,341,1000,3,'vm-ppapp-5-pub.bbsas.no','vm-ppapp-5-pub.bbsas.no',{ts '2010-12-20 00:07:38.885'},{ts '2010-12-20 00:07:50.133'},{ts '2010-12-20 00:07:53.143'},null,null,null,0,2,'nibeFilTransferService','FINPAY exchange from Korreksjon service');
INSERT INTO "KORREKSJON"."WORK_ITEM" (ID,ENTITY_ID_LONG_PART,ENTITY_ID_DISCRIMINATOR_PART,PROCESSING_STATE,CREATED_BY_SERVER_ID,PROCESSING_SERVER_ID,CREATED_TIME,START_TIME,FINISHED_TIME,EARLIEST_EXECUTION_TIME,THREAD_ID,ERROR_MESSAGE,NUMBER_OF_RETRIES,WORK_QUEUE,WORK_QUEUE_NAME,ENTITY_DESCRIPTION) VALUES (861,null,null,3,'vm-ppapp-5-pub.bbsas.no','vm-ppapp-5-pub.bbsas.no',{ts '2010-12-21 00:00:45.685'},{ts '2010-12-21 00:00:57.495'},{ts '2010-12-21 00:00:58.293'},null,null,null,0,1,'nibeManager','[null]');
INSERT INTO "KORREKSJON"."WORK_ITEM" (ID,ENTITY_ID_LONG_PART,ENTITY_ID_DISCRIMINATOR_PART,PROCESSING_STATE,CREATED_BY_SERVER_ID,PROCESSING_SERVER_ID,CREATED_TIME,START_TIME,FINISHED_TIME,EARLIEST_EXECUTION_TIME,THREAD_ID,ERROR_MESSAGE,NUMBER_OF_RETRIES,WORK_QUEUE,WORK_QUEUE_NAME,ENTITY_DESCRIPTION) VALUES (863,361,1000,3,'vm-ppapp-5-pub.bbsas.no','vm-ppapp-5-pub.bbsas.no',{ts '2010-12-21 00:00:58.145'},{ts '2010-12-21 00:01:12.752'},{ts '2010-12-21 00:01:13.785'},null,null,null,0,2,'nibeFilTransferService','FINPAY exchange from Korreksjon service');
INSERT INTO "KORREKSJON"."WORK_ITEM" (ID,ENTITY_ID_LONG_PART,ENTITY_ID_DISCRIMINATOR_PART,PROCESSING_STATE,CREATED_BY_SERVER_ID,PROCESSING_SERVER_ID,CREATED_TIME,START_TIME,FINISHED_TIME,EARLIEST_EXECUTION_TIME,THREAD_ID,ERROR_MESSAGE,NUMBER_OF_RETRIES,WORK_QUEUE,WORK_QUEUE_NAME,ENTITY_DESCRIPTION) VALUES (881,null,null,3,'vm-ppapp-5-pub.bbsas.no','vm-ppapp-5-pub.bbsas.no',{ts '2010-12-22 00:04:02.971'},{ts '2010-12-22 00:04:05.385'},{ts '2010-12-22 00:04:05.800'},null,null,null,0,1,'nibeManager','[null]');
INSERT INTO "KORREKSJON"."WORK_ITEM" (ID,ENTITY_ID_LONG_PART,ENTITY_ID_DISCRIMINATOR_PART,PROCESSING_STATE,CREATED_BY_SERVER_ID,PROCESSING_SERVER_ID,CREATED_TIME,START_TIME,FINISHED_TIME,EARLIEST_EXECUTION_TIME,THREAD_ID,ERROR_MESSAGE,NUMBER_OF_RETRIES,WORK_QUEUE,WORK_QUEUE_NAME,ENTITY_DESCRIPTION) VALUES (901,null,null,3,'vm-ppapp-5-pub.bbsas.no','vm-ppapp-5-pub.bbsas.no',{ts '2010-12-23 00:01:46.970'},{ts '2010-12-23 00:02:01.353'},{ts '2010-12-23 00:02:03.201'},null,null,null,0,1,'nibeManager','[null]');
INSERT INTO "KORREKSJON"."WORK_ITEM" (ID,ENTITY_ID_LONG_PART,ENTITY_ID_DISCRIMINATOR_PART,PROCESSING_STATE,CREATED_BY_SERVER_ID,PROCESSING_SERVER_ID,CREATED_TIME,START_TIME,FINISHED_TIME,EARLIEST_EXECUTION_TIME,THREAD_ID,ERROR_MESSAGE,NUMBER_OF_RETRIES,WORK_QUEUE,WORK_QUEUE_NAME,ENTITY_DESCRIPTION) VALUES (903,381,1000,3,'vm-ppapp-5-pub.bbsas.no','vm-ppapp-5-pub.bbsas.no',{ts '2010-12-23 00:02:03.176'},{ts '2010-12-23 00:02:16.601'},{ts '2010-12-23 00:02:18.970'},null,null,null,0,2,'nibeFilTransferService','FINPAY exchange from Korreksjon service');
INSERT INTO "KORREKSJON"."WORK_ITEM" (ID,ENTITY_ID_LONG_PART,ENTITY_ID_DISCRIMINATOR_PART,PROCESSING_STATE,CREATED_BY_SERVER_ID,PROCESSING_SERVER_ID,CREATED_TIME,START_TIME,FINISHED_TIME,EARLIEST_EXECUTION_TIME,THREAD_ID,ERROR_MESSAGE,NUMBER_OF_RETRIES,WORK_QUEUE,WORK_QUEUE_NAME,ENTITY_DESCRIPTION) VALUES (921,null,null,3,'vm-ppapp-5-pub.bbsas.no','vm-ppapp-5-pub.bbsas.no',{ts '2010-12-27 00:03:17.505'},{ts '2010-12-27 00:03:22.966'},{ts '2010-12-27 00:03:23.209'},null,null,null,0,1,'nibeManager','[null]');
INSERT INTO "KORREKSJON"."WORK_ITEM" (ID,ENTITY_ID_LONG_PART,ENTITY_ID_DISCRIMINATOR_PART,PROCESSING_STATE,CREATED_BY_SERVER_ID,PROCESSING_SERVER_ID,CREATED_TIME,START_TIME,FINISHED_TIME,EARLIEST_EXECUTION_TIME,THREAD_ID,ERROR_MESSAGE,NUMBER_OF_RETRIES,WORK_QUEUE,WORK_QUEUE_NAME,ENTITY_DESCRIPTION) VALUES (941,null,null,3,'vm-ppapp-5-pub.bbsas.no','vm-ppapp-5-pub.bbsas.no',{ts '2010-12-28 00:03:17.495'},{ts '2010-12-28 00:03:21.610'},{ts '2010-12-28 00:03:21.209'},null,null,null,0,1,'nibeManager','[null]');
INSERT INTO "KORREKSJON"."WORK_ITEM" (ID,ENTITY_ID_LONG_PART,ENTITY_ID_DISCRIMINATOR_PART,PROCESSING_STATE,CREATED_BY_SERVER_ID,PROCESSING_SERVER_ID,CREATED_TIME,START_TIME,FINISHED_TIME,EARLIEST_EXECUTION_TIME,THREAD_ID,ERROR_MESSAGE,NUMBER_OF_RETRIES,WORK_QUEUE,WORK_QUEUE_NAME,ENTITY_DESCRIPTION) VALUES (961,null,null,3,'vm-ppapp-5-pub.bbsas.no','vm-ppapp-5-pub.bbsas.no',{ts '2010-12-29 00:03:17.501'},{ts '2010-12-29 00:03:21.272'},{ts '2010-12-29 00:03:21.428'},null,null,null,0,1,'nibeManager','[null]');
INSERT INTO "KORREKSJON"."WORK_ITEM" (ID,ENTITY_ID_LONG_PART,ENTITY_ID_DISCRIMINATOR_PART,PROCESSING_STATE,CREATED_BY_SERVER_ID,PROCESSING_SERVER_ID,CREATED_TIME,START_TIME,FINISHED_TIME,EARLIEST_EXECUTION_TIME,THREAD_ID,ERROR_MESSAGE,NUMBER_OF_RETRIES,WORK_QUEUE,WORK_QUEUE_NAME,ENTITY_DESCRIPTION) VALUES (981,null,null,3,'vm-ppapp-5-pub.bbsas.no','vm-ppapp-5-pub.bbsas.no',{ts '2010-12-30 00:03:17.492'},{ts '2010-12-30 00:03:27.580'},{ts '2010-12-30 00:03:27.739'},null,null,null,0,1,'nibeManager','[null]');
INSERT INTO "KORREKSJON"."WORK_ITEM" (ID,ENTITY_ID_LONG_PART,ENTITY_ID_DISCRIMINATOR_PART,PROCESSING_STATE,CREATED_BY_SERVER_ID,PROCESSING_SERVER_ID,CREATED_TIME,START_TIME,FINISHED_TIME,EARLIEST_EXECUTION_TIME,THREAD_ID,ERROR_MESSAGE,NUMBER_OF_RETRIES,WORK_QUEUE,WORK_QUEUE_NAME,ENTITY_DESCRIPTION) VALUES (1001,null,null,3,'vm-ppapp-5-pub.bbsas.no','vm-ppapp-5-pub.bbsas.no',{ts '2010-12-31 00:03:22.315'},{ts '2010-12-31 00:03:23.471'},{ts '2010-12-31 00:03:23.663'},null,null,null,0,1,'nibeManager','[null]');
INSERT INTO "KORREKSJON"."WORK_ITEM" (ID,ENTITY_ID_LONG_PART,ENTITY_ID_DISCRIMINATOR_PART,PROCESSING_STATE,CREATED_BY_SERVER_ID,PROCESSING_SERVER_ID,CREATED_TIME,START_TIME,FINISHED_TIME,EARLIEST_EXECUTION_TIME,THREAD_ID,ERROR_MESSAGE,NUMBER_OF_RETRIES,WORK_QUEUE,WORK_QUEUE_NAME,ENTITY_DESCRIPTION) VALUES (1021,null,null,3,'vm-ppapp-5-pub.bbsas.no','vm-ppapp-5-pub.bbsas.no',{ts '2011-01-03 00:03:22.318'},{ts '2011-01-03 00:03:35.672'},{ts '2011-01-03 00:03:35.854'},null,null,null,0,1,'nibeManager','[null]');
INSERT INTO "KORREKSJON"."WORK_ITEM" (ID,ENTITY_ID_LONG_PART,ENTITY_ID_DISCRIMINATOR_PART,PROCESSING_STATE,CREATED_BY_SERVER_ID,PROCESSING_SERVER_ID,CREATED_TIME,START_TIME,FINISHED_TIME,EARLIEST_EXECUTION_TIME,THREAD_ID,ERROR_MESSAGE,NUMBER_OF_RETRIES,WORK_QUEUE,WORK_QUEUE_NAME,ENTITY_DESCRIPTION) VALUES (1041,null,null,3,'vm-ppapp-5-pub.bbsas.no','vm-ppapp-5-pub.bbsas.no',{ts '2011-01-04 00:03:22.310'},{ts '2011-01-04 00:03:34.894'},{ts '2011-01-04 00:03:35.890'},null,null,null,0,1,'nibeManager','[null]');
INSERT INTO "KORREKSJON"."WORK_ITEM" (ID,ENTITY_ID_LONG_PART,ENTITY_ID_DISCRIMINATOR_PART,PROCESSING_STATE,CREATED_BY_SERVER_ID,PROCESSING_SERVER_ID,CREATED_TIME,START_TIME,FINISHED_TIME,EARLIEST_EXECUTION_TIME,THREAD_ID,ERROR_MESSAGE,NUMBER_OF_RETRIES,WORK_QUEUE,WORK_QUEUE_NAME,ENTITY_DESCRIPTION) VALUES (1061,null,null,3,'vm-ppapp-5-pub.bbsas.no','vm-ppapp-5-pub.bbsas.no',{ts '2011-01-05 00:03:22.311'},{ts '2011-01-05 00:03:30.178'},{ts '2011-01-05 00:03:30.363'},null,null,null,0,1,'nibeManager','[null]');
INSERT INTO "KORREKSJON"."WORK_ITEM" (ID,ENTITY_ID_LONG_PART,ENTITY_ID_DISCRIMINATOR_PART,PROCESSING_STATE,CREATED_BY_SERVER_ID,PROCESSING_SERVER_ID,CREATED_TIME,START_TIME,FINISHED_TIME,EARLIEST_EXECUTION_TIME,THREAD_ID,ERROR_MESSAGE,NUMBER_OF_RETRIES,WORK_QUEUE,WORK_QUEUE_NAME,ENTITY_DESCRIPTION) VALUES (1081,null,null,3,'vm-ppapp-5-pub.bbsas.no','vm-ppapp-5-pub.bbsas.no',{ts '2011-01-06 00:03:22.324'},{ts '2011-01-06 00:03:36.766'},{ts '2011-01-06 00:03:36.956'},null,null,null,0,1,'nibeManager','[null]');
INSERT INTO "KORREKSJON"."WORK_ITEM" (ID,ENTITY_ID_LONG_PART,ENTITY_ID_DISCRIMINATOR_PART,PROCESSING_STATE,CREATED_BY_SERVER_ID,PROCESSING_SERVER_ID,CREATED_TIME,START_TIME,FINISHED_TIME,EARLIEST_EXECUTION_TIME,THREAD_ID,ERROR_MESSAGE,NUMBER_OF_RETRIES,WORK_QUEUE,WORK_QUEUE_NAME,ENTITY_DESCRIPTION) VALUES (1101,null,null,3,'vm-ppapp-5-pub.bbsas.no','vm-ppapp-5-pub.bbsas.no',{ts '2011-01-07 00:03:22.433'},{ts '2011-01-07 00:03:28.902'},{ts '2011-01-07 00:03:36.322'},null,null,null,0,1,'nibeManager','[null]');
INSERT INTO "KORREKSJON"."WORK_ITEM" (ID,ENTITY_ID_LONG_PART,ENTITY_ID_DISCRIMINATOR_PART,PROCESSING_STATE,CREATED_BY_SERVER_ID,PROCESSING_SERVER_ID,CREATED_TIME,START_TIME,FINISHED_TIME,EARLIEST_EXECUTION_TIME,THREAD_ID,ERROR_MESSAGE,NUMBER_OF_RETRIES,WORK_QUEUE,WORK_QUEUE_NAME,ENTITY_DESCRIPTION) VALUES (1103,401,1000,3,'vm-ppapp-5-pub.bbsas.no','vm-ppapp-5-pub.bbsas.no',{ts '2011-01-07 00:03:34.475'},{ts '2011-01-07 00:03:44.398'},{ts '2011-01-07 00:03:48.761'},null,null,null,0,2,'nibeFilTransferService','FINPAY exchange from Korreksjon service');
INSERT INTO "KORREKSJON"."WORK_ITEM" (ID,ENTITY_ID_LONG_PART,ENTITY_ID_DISCRIMINATOR_PART,PROCESSING_STATE,CREATED_BY_SERVER_ID,PROCESSING_SERVER_ID,CREATED_TIME,START_TIME,FINISHED_TIME,EARLIEST_EXECUTION_TIME,THREAD_ID,ERROR_MESSAGE,NUMBER_OF_RETRIES,WORK_QUEUE,WORK_QUEUE_NAME,ENTITY_DESCRIPTION) VALUES (1121,null,null,3,'vm-ppapp-5-pub.bbsas.no','vm-ppapp-5-pub.bbsas.no',{ts '2011-01-10 00:03:22.318'},{ts '2011-01-10 00:03:36.512'},{ts '2011-01-10 00:03:38.110'},null,null,null,0,1,'nibeManager','[null]');
INSERT INTO "KORREKSJON"."WORK_ITEM" (ID,ENTITY_ID_LONG_PART,ENTITY_ID_DISCRIMINATOR_PART,PROCESSING_STATE,CREATED_BY_SERVER_ID,PROCESSING_SERVER_ID,CREATED_TIME,START_TIME,FINISHED_TIME,EARLIEST_EXECUTION_TIME,THREAD_ID,ERROR_MESSAGE,NUMBER_OF_RETRIES,WORK_QUEUE,WORK_QUEUE_NAME,ENTITY_DESCRIPTION) VALUES (1123,421,1000,3,'vm-ppapp-5-pub.bbsas.no','vm-ppapp-5-pub.bbsas.no',{ts '2011-01-10 00:03:38.105'},{ts '2011-01-10 00:03:51.729'},{ts '2011-01-10 00:03:53.516'},null,null,null,0,2,'nibeFilTransferService','FINPAY exchange from Korreksjon service');
INSERT INTO "KORREKSJON"."WORK_ITEM" (ID,ENTITY_ID_LONG_PART,ENTITY_ID_DISCRIMINATOR_PART,PROCESSING_STATE,CREATED_BY_SERVER_ID,PROCESSING_SERVER_ID,CREATED_TIME,START_TIME,FINISHED_TIME,EARLIEST_EXECUTION_TIME,THREAD_ID,ERROR_MESSAGE,NUMBER_OF_RETRIES,WORK_QUEUE,WORK_QUEUE_NAME,ENTITY_DESCRIPTION) VALUES (1141,null,null,2,'vm-ppapp-5-pub.bbsas.no','vm-ppapp-5-pub.bbsas.no',{ts '2011-01-11 00:03:22.337'},{ts '2011-01-11 00:04:50.868'},{ts '2011-01-11 00:04:51.258'},null,null,'no.bbs.bkad.apis.korreksjon.api.BkadConnectionException: java.sql.SQLException: ORA-00942: table or view does not exist\n',5,1,'nibeManager','[null]');
INSERT INTO "KORREKSJON"."WORK_ITEM" (ID,ENTITY_ID_LONG_PART,ENTITY_ID_DISCRIMINATOR_PART,PROCESSING_STATE,CREATED_BY_SERVER_ID,PROCESSING_SERVER_ID,CREATED_TIME,START_TIME,FINISHED_TIME,EARLIEST_EXECUTION_TIME,THREAD_ID,ERROR_MESSAGE,NUMBER_OF_RETRIES,WORK_QUEUE,WORK_QUEUE_NAME,ENTITY_DESCRIPTION) VALUES (1161,null,null,3,'vm-ppapp-5-pub.bbsas.no','vm-ppapp-5-pub.bbsas.no',{ts '2011-01-12 00:03:22.302'},{ts '2011-01-12 00:03:35.292'},{ts '2011-01-12 00:03:36.169'},null,null,null,0,1,'nibeManager','[null]');
INSERT INTO "KORREKSJON"."WORK_ITEM" (ID,ENTITY_ID_LONG_PART,ENTITY_ID_DISCRIMINATOR_PART,PROCESSING_STATE,CREATED_BY_SERVER_ID,PROCESSING_SERVER_ID,CREATED_TIME,START_TIME,FINISHED_TIME,EARLIEST_EXECUTION_TIME,THREAD_ID,ERROR_MESSAGE,NUMBER_OF_RETRIES,WORK_QUEUE,WORK_QUEUE_NAME,ENTITY_DESCRIPTION) VALUES (1163,441,1000,3,'vm-ppapp-5-pub.bbsas.no','vm-ppapp-5-pub.bbsas.no',{ts '2011-01-12 00:03:36.161'},{ts '2011-01-12 00:03:50.523'},{ts '2011-01-12 00:03:51.995'},null,null,null,0,2,'nibeFilTransferService','FINPAY exchange from Korreksjon service');
INSERT INTO "KORREKSJON"."WORK_ITEM" (ID,ENTITY_ID_LONG_PART,ENTITY_ID_DISCRIMINATOR_PART,PROCESSING_STATE,CREATED_BY_SERVER_ID,PROCESSING_SERVER_ID,CREATED_TIME,START_TIME,FINISHED_TIME,EARLIEST_EXECUTION_TIME,THREAD_ID,ERROR_MESSAGE,NUMBER_OF_RETRIES,WORK_QUEUE,WORK_QUEUE_NAME,ENTITY_DESCRIPTION) VALUES (1181,null,null,3,'vm-ppapp-5-pub.bbsas.no','vm-ppapp-5-pub.bbsas.no',{ts '2011-01-13 00:03:22.300'},{ts '2011-01-13 00:03:32.578'},{ts '2011-01-13 00:03:32.790'},null,null,null,0,1,'nibeManager','[null]');
INSERT INTO "KORREKSJON"."WORK_ITEM" (ID,ENTITY_ID_LONG_PART,ENTITY_ID_DISCRIMINATOR_PART,PROCESSING_STATE,CREATED_BY_SERVER_ID,PROCESSING_SERVER_ID,CREATED_TIME,START_TIME,FINISHED_TIME,EARLIEST_EXECUTION_TIME,THREAD_ID,ERROR_MESSAGE,NUMBER_OF_RETRIES,WORK_QUEUE,WORK_QUEUE_NAME,ENTITY_DESCRIPTION) VALUES (1201,null,null,3,'vm-ppapp-5-pub.bbsas.no','vm-ppapp-5-pub.bbsas.no',{ts '2011-01-14 00:03:22.303'},{ts '2011-01-14 00:03:36.147'},{ts '2011-01-14 00:03:36.354'},null,null,null,0,1,'nibeManager','[null]');
INSERT INTO "KORREKSJON"."WORK_ITEM" (ID,ENTITY_ID_LONG_PART,ENTITY_ID_DISCRIMINATOR_PART,PROCESSING_STATE,CREATED_BY_SERVER_ID,PROCESSING_SERVER_ID,CREATED_TIME,START_TIME,FINISHED_TIME,EARLIEST_EXECUTION_TIME,THREAD_ID,ERROR_MESSAGE,NUMBER_OF_RETRIES,WORK_QUEUE,WORK_QUEUE_NAME,ENTITY_DESCRIPTION) VALUES (1221,null,null,3,'vm-ppapp-5-pub.bbsas.no','vm-ppapp-5-pub.bbsas.no',{ts '2011-01-17 00:03:22.320'},{ts '2011-01-17 00:03:28.555'},{ts '2011-01-17 00:03:28.809'},null,null,null,0,1,'nibeManager','[null]');
INSERT INTO "KORREKSJON"."WORK_ITEM" (ID,ENTITY_ID_LONG_PART,ENTITY_ID_DISCRIMINATOR_PART,PROCESSING_STATE,CREATED_BY_SERVER_ID,PROCESSING_SERVER_ID,CREATED_TIME,START_TIME,FINISHED_TIME,EARLIEST_EXECUTION_TIME,THREAD_ID,ERROR_MESSAGE,NUMBER_OF_RETRIES,WORK_QUEUE,WORK_QUEUE_NAME,ENTITY_DESCRIPTION) VALUES (1241,null,null,2,'vm-ppapp-5-pub.bbsas.no','vm-ppapp-5-pub.bbsas.no',{ts '2011-01-18 00:04:09.337'},{ts '2011-01-18 00:05:26.718'},{ts '2011-01-18 00:05:26.931'},null,null,'org.springframework.jdbc.BadSqlGrammarException: StatementCallback; bad SQL grammar [select * from KORREKSJON order by BESTILLINGSNUMMER desc]; nested exception is java.sql.SQLException: Invalid column name',5,1,'nibeManager','[null]');
INSERT INTO "KORREKSJON"."WORK_ITEM" (ID,ENTITY_ID_LONG_PART,ENTITY_ID_DISCRIMINATOR_PART,PROCESSING_STATE,CREATED_BY_SERVER_ID,PROCESSING_SERVER_ID,CREATED_TIME,START_TIME,FINISHED_TIME,EARLIEST_EXECUTION_TIME,THREAD_ID,ERROR_MESSAGE,NUMBER_OF_RETRIES,WORK_QUEUE,WORK_QUEUE_NAME,ENTITY_DESCRIPTION) VALUES (1261,null,null,3,'vm-ppapp-5-pub.bbsas.no','vm-ppapp-5-pub.bbsas.no',{ts '2011-01-19 00:04:14.413'},{ts '2011-01-19 00:04:20.593'},{ts '2011-01-19 00:04:20.949'},null,null,null,0,1,'nibeManager','[null]');
INSERT INTO "KORREKSJON"."WORK_ITEM" (ID,ENTITY_ID_LONG_PART,ENTITY_ID_DISCRIMINATOR_PART,PROCESSING_STATE,CREATED_BY_SERVER_ID,PROCESSING_SERVER_ID,CREATED_TIME,START_TIME,FINISHED_TIME,EARLIEST_EXECUTION_TIME,THREAD_ID,ERROR_MESSAGE,NUMBER_OF_RETRIES,WORK_QUEUE,WORK_QUEUE_NAME,ENTITY_DESCRIPTION) VALUES (1281,null,null,3,'vm-ppapp-5-pub.bbsas.no','vm-ppapp-5-pub.bbsas.no',{ts '2011-01-20 00:04:14.403'},{ts '2011-01-20 00:04:19.585'},{ts '2011-01-20 00:04:19.861'},null,null,null,0,1,'nibeManager','[null]');
INSERT INTO "KORREKSJON"."WORK_ITEM" (ID,ENTITY_ID_LONG_PART,ENTITY_ID_DISCRIMINATOR_PART,PROCESSING_STATE,CREATED_BY_SERVER_ID,PROCESSING_SERVER_ID,CREATED_TIME,START_TIME,FINISHED_TIME,EARLIEST_EXECUTION_TIME,THREAD_ID,ERROR_MESSAGE,NUMBER_OF_RETRIES,WORK_QUEUE,WORK_QUEUE_NAME,ENTITY_DESCRIPTION) VALUES (1301,null,null,3,'vm-ppapp-5-pub.bbsas.no','vm-ppapp-5-pub.bbsas.no',{ts '2011-01-21 00:04:14.445'},{ts '2011-01-21 00:04:28.125'},{ts '2011-01-21 00:04:28.378'},null,null,null,0,1,'nibeManager','[null]');
INSERT INTO "KORREKSJON"."WORK_ITEM" (ID,ENTITY_ID_LONG_PART,ENTITY_ID_DISCRIMINATOR_PART,PROCESSING_STATE,CREATED_BY_SERVER_ID,PROCESSING_SERVER_ID,CREATED_TIME,START_TIME,FINISHED_TIME,EARLIEST_EXECUTION_TIME,THREAD_ID,ERROR_MESSAGE,NUMBER_OF_RETRIES,WORK_QUEUE,WORK_QUEUE_NAME,ENTITY_DESCRIPTION) VALUES (1321,null,null,3,'vm-ppapp-5-pub.bbsas.no','vm-ppapp-5-pub.bbsas.no',{ts '2011-01-24 00:04:17.461'},{ts '2011-01-24 00:04:25.820'},{ts '2011-01-24 00:04:25.281'},null,null,null,0,1,'nibeManager','[null]');
INSERT INTO "KORREKSJON"."WORK_ITEM" (ID,ENTITY_ID_LONG_PART,ENTITY_ID_DISCRIMINATOR_PART,PROCESSING_STATE,CREATED_BY_SERVER_ID,PROCESSING_SERVER_ID,CREATED_TIME,START_TIME,FINISHED_TIME,EARLIEST_EXECUTION_TIME,THREAD_ID,ERROR_MESSAGE,NUMBER_OF_RETRIES,WORK_QUEUE,WORK_QUEUE_NAME,ENTITY_DESCRIPTION) VALUES (1341,null,null,3,'vm-ppapp-5-pub.bbsas.no','vm-ppapp-5-pub.bbsas.no',{ts '2011-01-25 00:04:17.467'},{ts '2011-01-25 00:04:20.470'},{ts '2011-01-25 00:04:20.246'},null,null,null,0,1,'nibeManager','[null]');
INSERT INTO "KORREKSJON"."WORK_ITEM" (ID,ENTITY_ID_LONG_PART,ENTITY_ID_DISCRIMINATOR_PART,PROCESSING_STATE,CREATED_BY_SERVER_ID,PROCESSING_SERVER_ID,CREATED_TIME,START_TIME,FINISHED_TIME,EARLIEST_EXECUTION_TIME,THREAD_ID,ERROR_MESSAGE,NUMBER_OF_RETRIES,WORK_QUEUE,WORK_QUEUE_NAME,ENTITY_DESCRIPTION) VALUES (1361,null,null,3,'vm-ppapp-5-pub.bbsas.no','vm-ppapp-5-pub.bbsas.no',{ts '2011-01-26 00:04:17.470'},{ts '2011-01-26 00:04:18.644'},{ts '2011-01-26 00:04:18.907'},null,null,null,0,1,'nibeManager','[null]');
INSERT INTO "KORREKSJON"."WORK_ITEM" (ID,ENTITY_ID_LONG_PART,ENTITY_ID_DISCRIMINATOR_PART,PROCESSING_STATE,CREATED_BY_SERVER_ID,PROCESSING_SERVER_ID,CREATED_TIME,START_TIME,FINISHED_TIME,EARLIEST_EXECUTION_TIME,THREAD_ID,ERROR_MESSAGE,NUMBER_OF_RETRIES,WORK_QUEUE,WORK_QUEUE_NAME,ENTITY_DESCRIPTION) VALUES (1381,null,null,3,'vm-ppapp-5-pub.bbsas.no','vm-ppapp-5-pub.bbsas.no',{ts '2011-01-27 00:04:17.471'},{ts '2011-01-27 00:04:24.795'},{ts '2011-01-27 00:04:25.810'},null,null,null,0,1,'nibeManager','[null]');
INSERT INTO "KORREKSJON"."WORK_ITEM" (ID,ENTITY_ID_LONG_PART,ENTITY_ID_DISCRIMINATOR_PART,PROCESSING_STATE,CREATED_BY_SERVER_ID,PROCESSING_SERVER_ID,CREATED_TIME,START_TIME,FINISHED_TIME,EARLIEST_EXECUTION_TIME,THREAD_ID,ERROR_MESSAGE,NUMBER_OF_RETRIES,WORK_QUEUE,WORK_QUEUE_NAME,ENTITY_DESCRIPTION) VALUES (1401,null,null,3,'vm-ppapp-5-pub.bbsas.no','vm-ppapp-5-pub.bbsas.no',{ts '2011-01-28 00:04:17.476'},{ts '2011-01-28 00:04:23.907'},{ts '2011-01-28 00:04:24.159'},null,null,null,0,1,'nibeManager','[null]');
INSERT INTO "KORREKSJON"."WORK_ITEM" (ID,ENTITY_ID_LONG_PART,ENTITY_ID_DISCRIMINATOR_PART,PROCESSING_STATE,CREATED_BY_SERVER_ID,PROCESSING_SERVER_ID,CREATED_TIME,START_TIME,FINISHED_TIME,EARLIEST_EXECUTION_TIME,THREAD_ID,ERROR_MESSAGE,NUMBER_OF_RETRIES,WORK_QUEUE,WORK_QUEUE_NAME,ENTITY_DESCRIPTION) VALUES (1421,null,null,3,'vm-ppapp-5-pub.bbsas.no','vm-ppapp-5-pub.bbsas.no',{ts '2011-01-31 00:04:17.476'},{ts '2011-01-31 00:04:24.870'},{ts '2011-01-31 00:04:24.345'},null,null,null,0,1,'nibeManager','[null]');
INSERT INTO "KORREKSJON"."WORK_ITEM" (ID,ENTITY_ID_LONG_PART,ENTITY_ID_DISCRIMINATOR_PART,PROCESSING_STATE,CREATED_BY_SERVER_ID,PROCESSING_SERVER_ID,CREATED_TIME,START_TIME,FINISHED_TIME,EARLIEST_EXECUTION_TIME,THREAD_ID,ERROR_MESSAGE,NUMBER_OF_RETRIES,WORK_QUEUE,WORK_QUEUE_NAME,ENTITY_DESCRIPTION) VALUES (1441,null,null,3,'vm-ppapp-5-pub.bbsas.no','vm-ppapp-5-pub.bbsas.no',{ts '2011-02-01 00:04:17.474'},{ts '2011-02-01 00:04:21.135'},{ts '2011-02-01 00:04:21.374'},null,null,null,0,1,'nibeManager','[null]');
INSERT INTO "KORREKSJON"."WORK_ITEM" (ID,ENTITY_ID_LONG_PART,ENTITY_ID_DISCRIMINATOR_PART,PROCESSING_STATE,CREATED_BY_SERVER_ID,PROCESSING_SERVER_ID,CREATED_TIME,START_TIME,FINISHED_TIME,EARLIEST_EXECUTION_TIME,THREAD_ID,ERROR_MESSAGE,NUMBER_OF_RETRIES,WORK_QUEUE,WORK_QUEUE_NAME,ENTITY_DESCRIPTION) VALUES (1461,null,null,3,'vm-ppapp-5-pub.bbsas.no','vm-ppapp-5-pub.bbsas.no',{ts '2011-02-02 00:04:21.264'},{ts '2011-02-02 00:04:23.352'},{ts '2011-02-02 00:04:23.527'},null,null,null,0,1,'nibeManager','[null]');






INSERT INTO "KORREKSJON"."WORK_QUEUE" (ID,ENTITY_SERVICE_NAME,CONSUMER_ID,STATUS,START_TIME,SORT,BESKRIVELSE,WORK_QUEUE_GROUP) VALUES (1,'nibeManager','meldingspumpa',0,null,0,null,null);
INSERT INTO "KORREKSJON"."WORK_QUEUE" (ID,ENTITY_SERVICE_NAME,CONSUMER_ID,STATUS,START_TIME,SORT,BESKRIVELSE,WORK_QUEUE_GROUP) VALUES (2,'nibeFilTransferService','meldingspumpa',0,null,0,null,null);





